title,price,link
"ASUS Vivobook 15, Intel Celeron N4020, 15.6"" (39.62 cms) HD, Thin and Light Laptop (8GB/512GB SSD/Integrated Graphics/Windows 11/Office 2021/Silver/1.8 kg), X515MA-BR022WS",N/A,https://amazon.in/ASUS-SmartChoice-Integrated-Fingerprint-X515MA-BR024WS/dp/B0C1GM4C6V/ref=sr_1_87?crid=1A01HI1R1B87&dib=eyJ2IjoiMSJ9.fywzcsf8FxPSr-J0ct-rSBuxYvD1GcbISCVsuQjLDMq0XhZnNBqWI3IjshqwbZ3rbCe0q65XpotXV-sMHX0gLb9SK3WcWs_KLrDXWo0XUmFlS2rbLj8ool6NFCmoXJpAXPq13ee7f0I44h1h7VL6HJES4uuHXLtuc62QiH5G3pJXJXySm1qq-cUtVirrvHVntv4BRD0PPeF8rq5QKwCwLHlaAbkY7-8nOUPU172BnMk.nWXKG6ONfcWm9RUwlj0cv0-Eck7fKoY9GbOKBs4v9d4&dib_tag=se&keywords=laptop&qid=1727873376&sprefix=lapt%2Caps%2C651&sr=8-87
"HP Laptop 15s, 12th Gen Intel Core i7-1255U, 15.6-inch (39.6 cm), FHD, 16GB DDR4, 512GB SSD, Intel Iris Xe Graphics, Backlit KB, Thin & Light (Win 11, MSO 2021, Silver, 1.69 kg), fq5190TU",N/A,https://amazon.in/HP-i7-1255U-15-6-inch-Graphics-fq5190TU/dp/B0C3D99LTP/ref=sr_1_33?crid=1A01HI1R1B87&dib=eyJ2IjoiMSJ9.1xsZ21ZlJC_gZVceaWVRmAv4GElPpon36UE37o3Y3nXpxdCFo2kLoQGb9mCqb13po25az9PhzaMs-XoEdtwCvPHloH7m4rN1Mqbia1jTqYOL-DJNeReFv9aJAhGn_TRCzG88MKjVx5JJpLlCrEx0qhrdfDPoIRHeO5wx05lMVTF1CHby-WvrlyMGrz_eFeUTtnR3yLnRU0hbCBx9RYRTTS9v4iiOmpDYmJWPYD2epgU.HV7MgvG3miJEZyLwu5E8JTbiOyB860qua1KygiwJUis&dib_tag=se&keywords=laptop&qid=1727873301&sprefix=lapt%2Caps%2C651&sr=8-33
"Acer ALG Gaming Laptop 13th Gen Intel Core i7 Processor (16GB DDR4/512GB SSD/6GB RTX3050 Graphics/144Hz/Win11Home/Wifi 6) AL15G-53, 39.62cm (15.6"") FHD Display, Premium Metal Body, Steel Gray, 1.99KG",N/A,https://amazon.in/Acer-Processor-Graphics-Win11Home-AL15G-53/dp/B0DFHFCS4Y/ref=sr_1_45?crid=1A01HI1R1B87&dib=eyJ2IjoiMSJ9.rMz_5N9UqFiUt0jeVSNDBlbzA7PkE3FN4xbvvJWpgr1EI6Yb19RnS00v9Wvadah_-qSF_R9oAHpbJF5lmR3lkRQruUKOhnSWFf4me-OVP-sb3cvtADxkpZ7nBXHCpsgs22nAHaKdpWOZTsm95lIIoXMWvtcIHp--KLrZN5wMsssw2blLEm1La2VgZ6Aj7kETVkSzw3H6blDwldIEXxCLbl2vygpU9gYBnEBmx0NlkJg.N6d7xvcQNSYNQGv7jyjIob7Nke8sOGuY1Aqn5AAvLAk&dib_tag=se&keywords=laptop&qid=1727873312&sprefix=lapt%2Caps%2C651&sr=8-45
N/A,"1,09,990",https://amazon.in/sspa/click?ie=UTF8&spc=MToyMTk0MDQ4MDc1OTM5NDg0OjE3Mjc4NzMzMDI6c3Bfc2VhcmNoX3RoZW1hdGljOjMwMDM0NjM0ODU5MzAzMjo6NDo6&url=%2FChoice-HP-Gaming-Response-xd0020AX%2Fdp%2FB0CCVZP835%2Fref%3Dsxin_15_pa_sp_search_thematic_sspa%3Fcontent-id%3Damzn1.sym.59126330-c308-4c36-a5a0-21cac002681f%253Aamzn1.sym.59126330-c308-4c36-a5a0-21cac002681f%26crid%3D1A01HI1R1B87%26cv_ct_cx%3Dlaptop%26dib%3DeyJ2IjoiMSJ9.Z5MeKD6bWkIMifZM3EMBFjwBPWjer4pN2n0YPy31rXYfJP3vXkx8iw1SwOEGZ-hYqvS01tqUeYNHJhAa4Ppl-A.QxS8_jH62O17pKAkPziKccgTGQ7QCefbD-ZgbduyImk%26dib_tag%3Dse%26keywords%3Dlaptop%26pd_rd_i%3DB0CCVZP835%26pd_rd_r%3Dc44f0b54-e41a-4781-b8b2-b0a953bc8e14%26pd_rd_w%3DjtBRv%26pd_rd_wg%3DoM1yZ%26pf_rd_p%3D59126330-c308-4c36-a5a0-21cac002681f%26pf_rd_r%3DGFCAJ9ZD81783S02AYKC%26qid%3D1727873301%26sbo%3DRZvfv%252F%252FHxDF%252BO5021pAnSA%253D%253D%26sprefix%3Dlapt%252Caps%252C651%26sr%3D1-21-2ec22325-1003-449d-8aaf-c0bcc24717ae-spons%26sp_csd%3Dd2lkZ2V0TmFtZT1zcF9zZWFyY2hfdGhlbWF0aWM%26psc%3D1
"Lenovo IdeaPad Pro 5 Intel Evo Core Ultra 9 185H Built-in AI 14"" (35.56cm) 2.8K-OLED 400Nits 120Hz Laptop (32GB/1TB SSD/Win11/MSO 21/FHD+IR Camera/1Yr ADP Free/3 Mon Game Pass/Grey/1.4Kg), 83D2001GIN","1,07,990",https://amazon.in/sspa/click?ie=UTF8&spc=MTo1NTQ5ODAzMjQyNDY2MDc6MTcyNzg3MzM3NjpzcF9tdGY6MzAwMjA3ODYwNjg2ODMyOjowOjo&url=%2FLenovo-IdeaPad-35-56cm-2-8K-OLED-83D2001GIN%2Fdp%2FB0CY2LDT1S%2Fref%3Dsr_1_92_sspa%3Fcrid%3D1A01HI1R1B87%26dib%3DeyJ2IjoiMSJ9.fywzcsf8FxPSr-J0ct-rSBuxYvD1GcbISCVsuQjLDMq0XhZnNBqWI3IjshqwbZ3rbCe0q65XpotXV-sMHX0gLb9SK3WcWs_KLrDXWo0XUmFlS2rbLj8ool6NFCmoXJpAXPq13ee7f0I44h1h7VL6HJES4uuHXLtuc62QiH5G3pJXJXySm1qq-cUtVirrvHVntv4BRD0PPeF8rq5QKwCwLHlaAbkY7-8nOUPU172BnMk.nWXKG6ONfcWm9RUwlj0cv0-Eck7fKoY9GbOKBs4v9d4%26dib_tag%3Dse%26keywords%3Dlaptop%26qid%3D1727873376%26sprefix%3Dlapt%252Caps%252C651%26sr%3D8-92-spons%26sp_csd%3Dd2lkZ2V0TmFtZT1zcF9tdGY%26psc%3D1
"Lenovo LOQ 2024 13th Gen Intel Core i7-13650HX 15.6"" (39.6cm) 144Hz 300Nits FHD Gaming Laptop (24GB/512GB SSD/Win 11/NVIDIA RTX 4060 8GB/MSO 21/1Yr ADP Free/3mon Game Pass/Grey/2.4Kg), 83DV00LXIN","1,05,990",https://amazon.in/Lenovo-i7-13650HX-39-6cm-300Nits-83DV00LXIN/dp/B0D3TGNY9G/ref=sr_1_96?crid=1A01HI1R1B87&dib=eyJ2IjoiMSJ9.fywzcsf8FxPSr-J0ct-rSBuxYvD1GcbISCVsuQjLDMq0XhZnNBqWI3IjshqwbZ3rbCe0q65XpotXV-sMHX0gLb9SK3WcWs_KLrDXWo0XUmFlS2rbLj8ool6NFCmoXJpAXPq13ee7f0I44h1h7VL6HJES4uuHXLtuc62QiH5G3pJXJXySm1qq-cUtVirrvHVntv4BRD0PPeF8rq5QKwCwLHlaAbkY7-8nOUPU172BnMk.nWXKG6ONfcWm9RUwlj0cv0-Eck7fKoY9GbOKBs4v9d4&dib_tag=se&keywords=laptop&qid=1727873376&sprefix=lapt%2Caps%2C651&sr=8-96
N/A,"80,990",https://amazon.in/sspa/click?ie=UTF8&spc=MTozNTI0NTE2NzkwNDUzNDUzOjE3Mjc4NzMzMTI6c3Bfc2VhcmNoX3RoZW1hdGljOjMwMDI1MDIzNDc4MzYzMjo6NDo6&url=%2FLenovo-i5-13450HX-300Nits-Graphics-83DV007GIN%2Fdp%2FB0D49W5KZP%2Fref%3Dsxin_15_pa_sp_search_thematic_sspa%3Fcontent-id%3Damzn1.sym.59126330-c308-4c36-a5a0-21cac002681f%253Aamzn1.sym.59126330-c308-4c36-a5a0-21cac002681f%26crid%3D1A01HI1R1B87%26cv_ct_cx%3Dlaptop%26dib%3DeyJ2IjoiMSJ9.cGNgc_2KiuVy9_ESQrdEs7aL3b7pklj5CYgPx7J9P06cV7S751D2KhYGn5Q5I8ryh5NlDp8SPKruBZeAWMWPvA.8ZRhnZCo7vVcauMMwGbuvtDutVimFN-hUHQ_gdE-Xmo%26dib_tag%3Dse%26keywords%3Dlaptop%26pd_rd_i%3DB0D49W5KZP%26pd_rd_r%3Dc3abf6fa-d3c4-4d26-a2e7-76092be56435%26pd_rd_w%3D5rMDK%26pd_rd_wg%3DTcg0G%26pf_rd_p%3D59126330-c308-4c36-a5a0-21cac002681f%26pf_rd_r%3DW0HBQNAX6C6829K733XQ%26qid%3D1727873312%26sbo%3DRZvfv%252F%252FHxDF%252BO5021pAnSA%253D%253D%26sprefix%3Dlapt%252Caps%252C651%26sr%3D1-37-2ec22325-1003-449d-8aaf-c0bcc24717ae-spons%26sp_csd%3Dd2lkZ2V0TmFtZT1zcF9zZWFyY2hfdGhlbWF0aWM%26psc%3D1
N/A,"77,990",https://amazon.in/sspa/click?ie=UTF8&spc=MTo2OTg3NjAzNjAxNzYxNDUxOjE3Mjc4NzMzNTc6c3Bfc2VhcmNoX3RoZW1hdGljOjMwMDExOTk5NDQ1NjUzMjo6Mjo6&url=%2FAcer-i5-13420H-Graphics-Display-ANV15-51%2Fdp%2FB0CQP4T1JV%2Fref%3Dsxin_15_pa_sp_search_thematic_sspa%3Fcontent-id%3Damzn1.sym.59126330-c308-4c36-a5a0-21cac002681f%253Aamzn1.sym.59126330-c308-4c36-a5a0-21cac002681f%26crid%3D1A01HI1R1B87%26cv_ct_cx%3Dlaptop%26dib%3DeyJ2IjoiMSJ9.5yHxPWHdPRWNNOt-SPTPkAoFlYUk303FDgGdUNl46UzWocGN2Gjk-AJHCABjJF9V.CA4MNI-hEQsaN-z42BKLIj6oqGyAsz4qYvb7MLmbirw%26dib_tag%3Dse%26keywords%3Dlaptop%26pd_rd_i%3DB0CQP4T1JV%26pd_rd_r%3D6527498a-ec6a-4575-b2f4-4805f4f5653b%26pd_rd_w%3D32mBf%26pd_rd_wg%3DRBuHT%26pf_rd_p%3D59126330-c308-4c36-a5a0-21cac002681f%26pf_rd_r%3D2C0ZD8B30N9KAQ6ACF23%26qid%3D1727873357%26sbo%3DRZvfv%252F%252FHxDF%252BO5021pAnSA%253D%253D%26sprefix%3Dlapt%252Caps%252C651%26sr%3D1-67-2ec22325-1003-449d-8aaf-c0bcc24717ae-spons%26sp_csd%3Dd2lkZ2V0TmFtZT1zcF9zZWFyY2hfdGhlbWF0aWM%26psc%3D1
N/A,"76,999",https://amazon.in/sspa/click?ie=UTF8&spc=MTo2OTg3NjAzNjAxNzYxNDUxOjE3Mjc4NzMzNTc6c3Bfc2VhcmNoX3RoZW1hdGljOjMwMDEyMDAyNjk0MTgzMjo6NDo6&url=%2FHP-Pavilion-Micro-Edge-Graphics-14-dv2015TU%2Fdp%2FB0B1MBFJJ2%2Fref%3Dsxin_15_pa_sp_search_thematic_sspa%3Fcontent-id%3Damzn1.sym.59126330-c308-4c36-a5a0-21cac002681f%253Aamzn1.sym.59126330-c308-4c36-a5a0-21cac002681f%26crid%3D1A01HI1R1B87%26cv_ct_cx%3Dlaptop%26dib%3DeyJ2IjoiMSJ9.5yHxPWHdPRWNNOt-SPTPkAoFlYUk303FDgGdUNl46UzWocGN2Gjk-AJHCABjJF9V.CA4MNI-hEQsaN-z42BKLIj6oqGyAsz4qYvb7MLmbirw%26dib_tag%3Dse%26keywords%3Dlaptop%26pd_rd_i%3DB0B1MBFJJ2%26pd_rd_r%3D6527498a-ec6a-4575-b2f4-4805f4f5653b%26pd_rd_w%3D32mBf%26pd_rd_wg%3DRBuHT%26pf_rd_p%3D59126330-c308-4c36-a5a0-21cac002681f%26pf_rd_r%3D2C0ZD8B30N9KAQ6ACF23%26qid%3D1727873357%26sbo%3DRZvfv%252F%252FHxDF%252BO5021pAnSA%253D%253D%26sprefix%3Dlapt%252Caps%252C651%26sr%3D1-68-2ec22325-1003-449d-8aaf-c0bcc24717ae-spons%26sp_csd%3Dd2lkZ2V0TmFtZT1zcF9zZWFyY2hfdGhlbWF0aWM%26psc%3D1
"HP Pavilion 14 12th Gen Intel Core i7 16GB SDRAM/1TB SSD 14 inch(35.6cm) FHD,IPS,Micro-Edge Display/Intel Iris Xe Graphics/B&O/Win 11/Backlit KB/FPR/MSO 2021/Natural Silver,14-dv2015TU","76,999",https://amazon.in/HP-Pavilion-Micro-Edge-Graphics-14-dv2015TU/dp/B0B1MBFJJ2/ref=sr_1_70?crid=1A01HI1R1B87&dib=eyJ2IjoiMSJ9.AkK1qaTtgdxqHRVQWZbCUT-AD3lsguOo8HYf8RhvOsCy8junxLNJlcBBhc1axgJKs39V-EN2R6C_Ncwnfaj5yxmmTdrz818QyYx4JSxhAi2Ipe6lTdZurYOavDvahFWg6tgAyGzaK_qJiLktdUDMe8rF5uDnDEN81FTVOvCXJovz7NWNNHAgfhll4b7airTSRnfzqHJhYLY_2SstATLvYBzE3x9uz-7tGwXsndtZPas.Q3nrUPCRhqcPOXhQDHBS2fDDO0tY-6jStKISTxEwD5w&dib_tag=se&keywords=laptop&qid=1727873357&sprefix=lapt%2Caps%2C651&sr=8-70
N/A,"72,990",https://amazon.in/sspa/click?ie=UTF8&spc=MTo3MjMyMjE0MzQxNjcwMDk4OjE3Mjc4NzMyOTA6c3Bfc2VhcmNoX3RoZW1hdGljOjMwMDIwMDQ3MzI5NTIzMjo6NDo6&url=%2FDell-Smartchoice-G15-5530-Gaming-i5-13450HX%2Fdp%2FB0CRKXDX83%2Fref%3Dsxin_23_pa_sp_search_thematic_sspa%3Fcontent-id%3Damzn1.sym.cd33fa60-47cd-49f3-80b8-24b1f0cbef97%253Aamzn1.sym.cd33fa60-47cd-49f3-80b8-24b1f0cbef97%26crid%3D1A01HI1R1B87%26cv_ct_cx%3Dlaptop%26dib%3DeyJ2IjoiMSJ9.HYDwFMdGHohC0Q9UL6h8o9TVZ8eof-kbl5Ky1vtr5nbRRSzdmssqD3dX8AQHb8zJsJCbQ4Fv3sTRUKclou7h8A.z37kZfWeRf8XjuFczkakAAxhRsvDcTzxyTQJV41RnSU%26dib_tag%3Dse%26keywords%3Dlaptop%26pd_rd_i%3DB0CRKXDX83%26pd_rd_r%3D907f1819-30d6-48cc-aab1-79da8370bc1b%26pd_rd_w%3DcWDXV%26pd_rd_wg%3DLP6an%26pf_rd_p%3Dcd33fa60-47cd-49f3-80b8-24b1f0cbef97%26pf_rd_r%3D6HNSYRG3KYCS69ZVE6KB%26qid%3D1727873290%26sbo%3DRZvfv%252F%252FHxDF%252BO5021pAnSA%253D%253D%26sprefix%3Dlapt%252Caps%252C651%26sr%3D1-5-ced4eeeb-b190-41d6-902a-1ecb3fb8b7c4-spons%26sp_csd%3Dd2lkZ2V0TmFtZT1zcF9zZWFyY2hfdGhlbWF0aWM%26psc%3D1
N/A,"68,190",https://amazon.in/sspa/click?ie=UTF8&spc=MToyMTk0MDQ4MDc1OTM5NDg0OjE3Mjc4NzMzMDI6c3Bfc2VhcmNoX3RoZW1hdGljOjMwMDM0MzE3MzQ1MjczMjo6Mzo6&url=%2FLenovo-i5-12450HX-300Nits-Graphics-83GS0098IN%2Fdp%2FB0DB218DK7%2Fref%3Dsxin_15_pa_sp_search_thematic_sspa%3Fcontent-id%3Damzn1.sym.59126330-c308-4c36-a5a0-21cac002681f%253Aamzn1.sym.59126330-c308-4c36-a5a0-21cac002681f%26crid%3D1A01HI1R1B87%26cv_ct_cx%3Dlaptop%26dib%3DeyJ2IjoiMSJ9.Z5MeKD6bWkIMifZM3EMBFjwBPWjer4pN2n0YPy31rXYfJP3vXkx8iw1SwOEGZ-hYqvS01tqUeYNHJhAa4Ppl-A.QxS8_jH62O17pKAkPziKccgTGQ7QCefbD-ZgbduyImk%26dib_tag%3Dse%26keywords%3Dlaptop%26pd_rd_i%3DB0DB218DK7%26pd_rd_r%3Dc44f0b54-e41a-4781-b8b2-b0a953bc8e14%26pd_rd_w%3DjtBRv%26pd_rd_wg%3DoM1yZ%26pf_rd_p%3D59126330-c308-4c36-a5a0-21cac002681f%26pf_rd_r%3DGFCAJ9ZD81783S02AYKC%26qid%3D1727873301%26sbo%3DRZvfv%252F%252FHxDF%252BO5021pAnSA%253D%253D%26sprefix%3Dlapt%252Caps%252C651%26sr%3D1-20-2ec22325-1003-449d-8aaf-c0bcc24717ae-spons%26sp_csd%3Dd2lkZ2V0TmFtZT1zcF9zZWFyY2hfdGhlbWF0aWM%26psc%3D1
N/A,"66,190",https://amazon.in/sspa/click?ie=UTF8&spc=MTozNTI0NTE2NzkwNDUzNDUzOjE3Mjc4NzMzMTI6c3Bfc2VhcmNoX3RoZW1hdGljOjMwMDI4MTQ3MDQ5NjIzMjo6Mzo6&url=%2FLenovo-Smartchoice-i5-12450HX-Graphics-83GS003UIN%2Fdp%2FB0CX8XPKWJ%2Fref%3Dsxin_15_pa_sp_search_thematic_sspa%3Fcontent-id%3Damzn1.sym.59126330-c308-4c36-a5a0-21cac002681f%253Aamzn1.sym.59126330-c308-4c36-a5a0-21cac002681f%26crid%3D1A01HI1R1B87%26cv_ct_cx%3Dlaptop%26dib%3DeyJ2IjoiMSJ9.cGNgc_2KiuVy9_ESQrdEs7aL3b7pklj5CYgPx7J9P06cV7S751D2KhYGn5Q5I8ryh5NlDp8SPKruBZeAWMWPvA.8ZRhnZCo7vVcauMMwGbuvtDutVimFN-hUHQ_gdE-Xmo%26dib_tag%3Dse%26keywords%3Dlaptop%26pd_rd_i%3DB0CX8XPKWJ%26pd_rd_r%3Dc3abf6fa-d3c4-4d26-a2e7-76092be56435%26pd_rd_w%3D5rMDK%26pd_rd_wg%3DTcg0G%26pf_rd_p%3D59126330-c308-4c36-a5a0-21cac002681f%26pf_rd_r%3DW0HBQNAX6C6829K733XQ%26qid%3D1727873312%26sbo%3DRZvfv%252F%252FHxDF%252BO5021pAnSA%253D%253D%26sprefix%3Dlapt%252Caps%252C651%26sr%3D1-36-2ec22325-1003-449d-8aaf-c0bcc24717ae-spons%26sp_csd%3Dd2lkZ2V0TmFtZT1zcF9zZWFyY2hfdGhlbWF0aWM%26psc%3D1
"ASUS TUF Gaming F17 (2022) Intel Core i5-12500H Gaming Laptop,17.3""(43.94 cms) FHD 144Hz, RTX 3050 4GB GPU, (16GB RAM /512GB SSD/90WHr Battery/Windows 11/Gray/2.6 Kg), FX707ZC4-HX067W","64,990",https://amazon.in/ASUS-i5-12500H-Battery-Windows-FX707ZC4-HX067W/dp/B0C8JJWSXP/ref=sr_1_83?crid=1A01HI1R1B87&dib=eyJ2IjoiMSJ9.AkK1qaTtgdxqHRVQWZbCUT-AD3lsguOo8HYf8RhvOsCy8junxLNJlcBBhc1axgJKs39V-EN2R6C_Ncwnfaj5yxmmTdrz818QyYx4JSxhAi2Ipe6lTdZurYOavDvahFWg6tgAyGzaK_qJiLktdUDMe8rF5uDnDEN81FTVOvCXJovz7NWNNHAgfhll4b7airTSRnfzqHJhYLY_2SstATLvYBzE3x9uz-7tGwXsndtZPas.Q3nrUPCRhqcPOXhQDHBS2fDDO0tY-6jStKISTxEwD5w&dib_tag=se&keywords=laptop&qid=1727873357&sprefix=lapt%2Caps%2C651&sr=8-83
"Dell Inspiron 5430 13th Gen Laptop, Intel Core i5-1335U Processor/16GB/ 512GB SSD/14.0"" (35.56cm) FHD+/Backlit KB + FPR/Windows 11 + MSO'2/McAfee 15 Months/Thunderbolt 4.0 ​Port/Thin & Light-1.59kg","64,490",https://amazon.in/Dell-Inspiron-i5-1335U-35-56Cms-Thunderbolt/dp/B0C1595WPW/ref=sr_1_38?crid=1A01HI1R1B87&dib=eyJ2IjoiMSJ9.rMz_5N9UqFiUt0jeVSNDBlbzA7PkE3FN4xbvvJWpgr1EI6Yb19RnS00v9Wvadah_-qSF_R9oAHpbJF5lmR3lkRQruUKOhnSWFf4me-OVP-sb3cvtADxkpZ7nBXHCpsgs22nAHaKdpWOZTsm95lIIoXMWvtcIHp--KLrZN5wMsssw2blLEm1La2VgZ6Aj7kETVkSzw3H6blDwldIEXxCLbl2vygpU9gYBnEBmx0NlkJg.N6d7xvcQNSYNQGv7jyjIob7Nke8sOGuY1Aqn5AAvLAk&dib_tag=se&keywords=laptop&qid=1727873312&sprefix=lapt%2Caps%2C651&sr=8-38
N/A,"63,990",https://amazon.in/sspa/click?ie=UTF8&spc=MToyMTk0MDQ4MDc1OTM5NDg0OjE3Mjc4NzMzMDI6c3Bfc2VhcmNoX3RoZW1hdGljOjMwMDI1MDI1NjQ0MzYzMjo6MTo6&url=%2FHP-i5-12450H-15-6-inch-Response-fa0666TX%2Fdp%2FB0C2HZYM87%2Fref%3Dsxin_15_pa_sp_search_thematic_sspa%3Fcontent-id%3Damzn1.sym.59126330-c308-4c36-a5a0-21cac002681f%253Aamzn1.sym.59126330-c308-4c36-a5a0-21cac002681f%26crid%3D1A01HI1R1B87%26cv_ct_cx%3Dlaptop%26dib%3DeyJ2IjoiMSJ9.Z5MeKD6bWkIMifZM3EMBFjwBPWjer4pN2n0YPy31rXYfJP3vXkx8iw1SwOEGZ-hYqvS01tqUeYNHJhAa4Ppl-A.QxS8_jH62O17pKAkPziKccgTGQ7QCefbD-ZgbduyImk%26dib_tag%3Dse%26keywords%3Dlaptop%26pd_rd_i%3DB0C2HZYM87%26pd_rd_r%3Dc44f0b54-e41a-4781-b8b2-b0a953bc8e14%26pd_rd_w%3DjtBRv%26pd_rd_wg%3DoM1yZ%26pf_rd_p%3D59126330-c308-4c36-a5a0-21cac002681f%26pf_rd_r%3DGFCAJ9ZD81783S02AYKC%26qid%3D1727873301%26sbo%3DRZvfv%252F%252FHxDF%252BO5021pAnSA%253D%253D%26sprefix%3Dlapt%252Caps%252C651%26sr%3D1-18-2ec22325-1003-449d-8aaf-c0bcc24717ae-spons%26sp_csd%3Dd2lkZ2V0TmFtZT1zcF9zZWFyY2hfdGhlbWF0aWM%26psc%3D1
"MSI Thin 15, Intel 13th Gen. Core i5-13420H, 40CM FHD 144Hz Gaming Laptop(16GB/512GB NVMe SSD/Windows 11 Home/NVIDIA GeForce RTX 3050,GDDR6 4GB/Cosmos Gray/1.86Kg), B13UC-1805IN","61,990",https://amazon.in/sspa/click?ie=UTF8&spc=MTo3MTU5NTY1MDQ0ODY1NDQ2OjE3Mjc4NzMzNTc6c3BfbXRmOjMwMDI0NjA4OTY2MDczMjo6MDo6&url=%2FMSI-i5-13420H-Windows-GeForce-B13UC-1805IN%2Fdp%2FB0CV9J1QSM%2Fref%3Dsr_1_75_sspa%3Fcrid%3D1A01HI1R1B87%26dib%3DeyJ2IjoiMSJ9.AkK1qaTtgdxqHRVQWZbCUT-AD3lsguOo8HYf8RhvOsCy8junxLNJlcBBhc1axgJKs39V-EN2R6C_Ncwnfaj5yxmmTdrz818QyYx4JSxhAi2Ipe6lTdZurYOavDvahFWg6tgAyGzaK_qJiLktdUDMe8rF5uDnDEN81FTVOvCXJovz7NWNNHAgfhll4b7airTSRnfzqHJhYLY_2SstATLvYBzE3x9uz-7tGwXsndtZPas.Q3nrUPCRhqcPOXhQDHBS2fDDO0tY-6jStKISTxEwD5w%26dib_tag%3Dse%26keywords%3Dlaptop%26qid%3D1727873357%26sprefix%3Dlapt%252Caps%252C651%26sr%3D8-75-spons%26sp_csd%3Dd2lkZ2V0TmFtZT1zcF9tdGY%26psc%3D1
"ASUS TUF Gaming A15, Ryzen 7 7435HS, 15.6-inch (39.62 cm) FHD 144Hz, Gaming Laptop (16GB RAM/512GB SSD/NVIDIA GeForce RTX 3050/Windows 11/48WHr/Graphite Black/2.3 Kg), FA506NCR-HN054W","60,990",https://amazon.in/ASUS-15-6-inch-GeForce-Graphite-FA506NCR-HN054W/dp/B0D5DFR78J/ref=sr_1_34?crid=1A01HI1R1B87&dib=eyJ2IjoiMSJ9.1xsZ21ZlJC_gZVceaWVRmAv4GElPpon36UE37o3Y3nXpxdCFo2kLoQGb9mCqb13po25az9PhzaMs-XoEdtwCvPHloH7m4rN1Mqbia1jTqYOL-DJNeReFv9aJAhGn_TRCzG88MKjVx5JJpLlCrEx0qhrdfDPoIRHeO5wx05lMVTF1CHby-WvrlyMGrz_eFeUTtnR3yLnRU0hbCBx9RYRTTS9v4iiOmpDYmJWPYD2epgU.HV7MgvG3miJEZyLwu5E8JTbiOyB860qua1KygiwJUis&dib_tag=se&keywords=laptop&qid=1727873301&sprefix=lapt%2Caps%2C651&sr=8-34
"Lenovo IdeaPad Slim 3 13th Gen Intel Core i7-13620H 15"" (38.1cm) FHD IPS 300 Nits Thin & Light Laptop (16GB/512GB SSD/Intel UHD Graphics/Win 11/MSO 21/1Yr ADP Free/Alexa/Grey/1.6Kg), 83EM008GIN","59,990",https://amazon.in/Lenovo-IdeaPad-i7-13620H-Graphics-83EM008GIN/dp/B0D6NCVQZQ/ref=sr_1_20?crid=1A01HI1R1B87&dib=eyJ2IjoiMSJ9.1xsZ21ZlJC_gZVceaWVRmAv4GElPpon36UE37o3Y3nXpxdCFo2kLoQGb9mCqb13po25az9PhzaMs-XoEdtwCvPHloH7m4rN1Mqbia1jTqYOL-DJNeReFv9aJAhGn_TRCzG88MKjVx5JJpLlCrEx0qhrdfDPoIRHeO5wx05lMVTF1CHby-WvrlyMGrz_eFeUTtnR3yLnRU0hbCBx9RYRTTS9v4iiOmpDYmJWPYD2epgU.HV7MgvG3miJEZyLwu5E8JTbiOyB860qua1KygiwJUis&dib_tag=se&keywords=laptop&qid=1727873301&sprefix=lapt%2Caps%2C651&sr=8-20
N/A,"59,990",https://amazon.in/sspa/click?ie=UTF8&spc=MTozNTI0NTE2NzkwNDUzNDUzOjE3Mjc4NzMzMTI6c3Bfc2VhcmNoX3RoZW1hdGljOjMwMDExOTExMzQzNjIzMjo6Mjo6&url=%2FHP-Pavilion-Micro-Edge-Graphics-14-dv2014TU%2Fdp%2FB0B1M9HYBT%2Fref%3Dsxin_15_pa_sp_search_thematic_sspa%3Fcontent-id%3Damzn1.sym.59126330-c308-4c36-a5a0-21cac002681f%253Aamzn1.sym.59126330-c308-4c36-a5a0-21cac002681f%26crid%3D1A01HI1R1B87%26cv_ct_cx%3Dlaptop%26dib%3DeyJ2IjoiMSJ9.cGNgc_2KiuVy9_ESQrdEs7aL3b7pklj5CYgPx7J9P06cV7S751D2KhYGn5Q5I8ryh5NlDp8SPKruBZeAWMWPvA.8ZRhnZCo7vVcauMMwGbuvtDutVimFN-hUHQ_gdE-Xmo%26dib_tag%3Dse%26keywords%3Dlaptop%26pd_rd_i%3DB0B1M9HYBT%26pd_rd_r%3Dc3abf6fa-d3c4-4d26-a2e7-76092be56435%26pd_rd_w%3D5rMDK%26pd_rd_wg%3DTcg0G%26pf_rd_p%3D59126330-c308-4c36-a5a0-21cac002681f%26pf_rd_r%3DW0HBQNAX6C6829K733XQ%26qid%3D1727873312%26sbo%3DRZvfv%252F%252FHxDF%252BO5021pAnSA%253D%253D%26sprefix%3Dlapt%252Caps%252C651%26sr%3D1-35-2ec22325-1003-449d-8aaf-c0bcc24717ae-spons%26sp_csd%3Dd2lkZ2V0TmFtZT1zcF9zZWFyY2hfdGhlbWF0aWM%26psc%3D1
"Apple MacBook Air Laptop: Apple M1 chip, 13.3-inch/33.74 cm Retina Display, 8GB RAM, 256GB SSD Storage, Backlit Keyboard, FaceTime HD Camera, Touch ID. Works with iPhone/iPad; Space Grey","58,990",https://amazon.in/gp/bestsellers/computers/ref=sr_bs_14_computers_1
"HP Laptop 15, Intel Core i5-1334U, 15.6-inch(39.6 cm), FHD, 16GB DDR4, 512GB SSD, Audio by B&O; Dual Speakers, Windows 11 Home, Silver, 1.59 kg, 15-fd0221TU","58,800",https://amazon.in/HP-i5-1334U-15-6-inch-graphics-speakers/dp/B0CTKHG3F6/ref=sr_1_52?crid=1A01HI1R1B87&dib=eyJ2IjoiMSJ9.rMz_5N9UqFiUt0jeVSNDBlbzA7PkE3FN4xbvvJWpgr1EI6Yb19RnS00v9Wvadah_-qSF_R9oAHpbJF5lmR3lkRQruUKOhnSWFf4me-OVP-sb3cvtADxkpZ7nBXHCpsgs22nAHaKdpWOZTsm95lIIoXMWvtcIHp--KLrZN5wMsssw2blLEm1La2VgZ6Aj7kETVkSzw3H6blDwldIEXxCLbl2vygpU9gYBnEBmx0NlkJg.N6d7xvcQNSYNQGv7jyjIob7Nke8sOGuY1Aqn5AAvLAk&dib_tag=se&keywords=laptop&qid=1727873312&sprefix=lapt%2Caps%2C651&sr=8-52
"Lenovo IdeaPad Slim 5 12th Gen Intel Core i5 12450H 14"" (35.5cm) WUXGA+ IPS Laptop (16GB/512GB SSD/Win 11/Office 2021/Backlit KB/FHD Camera/Alexa/3 Month Game Pass/Cloud Grey/1.46Kg), 83BF000UIN","58,690",https://amazon.in/sspa/click?ie=UTF8&spc=MTo1NTQ5ODAzMjQyNDY2MDc6MTcyNzg3MzM3NjpzcF9hdGZfbmV4dDozMDAxNjcwMzQ3NTEwMzI6OjA6Og&url=%2FLenovo-IdeaPad-12450H-Backlit-83BF000UIN%2Fdp%2FB0CFF518HZ%2Fref%3Dsr_1_81_sspa%3Fcrid%3D1A01HI1R1B87%26dib%3DeyJ2IjoiMSJ9.fywzcsf8FxPSr-J0ct-rSBuxYvD1GcbISCVsuQjLDMq0XhZnNBqWI3IjshqwbZ3rbCe0q65XpotXV-sMHX0gLb9SK3WcWs_KLrDXWo0XUmFlS2rbLj8ool6NFCmoXJpAXPq13ee7f0I44h1h7VL6HJES4uuHXLtuc62QiH5G3pJXJXySm1qq-cUtVirrvHVntv4BRD0PPeF8rq5QKwCwLHlaAbkY7-8nOUPU172BnMk.nWXKG6ONfcWm9RUwlj0cv0-Eck7fKoY9GbOKBs4v9d4%26dib_tag%3Dse%26keywords%3Dlaptop%26qid%3D1727873376%26sprefix%3Dlapt%252Caps%252C651%26sr%3D8-81-spons%26sp_csd%3Dd2lkZ2V0TmFtZT1zcF9hdGZfbmV4dA%26psc%3D1
"HP Victus Gaming Laptop,Windows 11 Home,AMD Ryzen 5 5600H,4Gb RTX 3050 Gpu,15.6-Inch (39.6 Cm),Fhd,IPS,144Hz,16Gb Ddr4,512Gb Ssd,Backlit Kb,B&O,9Ms Response Time,Dual Speakers (Blue,2.37 Kg),Fb0106Ax","57,990",https://amazon.in/HP-GeForce-Graphics-Response-15-fb0106AX/dp/B0BWS9YNCX/ref=sr_1_47?crid=1A01HI1R1B87&dib=eyJ2IjoiMSJ9.rMz_5N9UqFiUt0jeVSNDBlbzA7PkE3FN4xbvvJWpgr1EI6Yb19RnS00v9Wvadah_-qSF_R9oAHpbJF5lmR3lkRQruUKOhnSWFf4me-OVP-sb3cvtADxkpZ7nBXHCpsgs22nAHaKdpWOZTsm95lIIoXMWvtcIHp--KLrZN5wMsssw2blLEm1La2VgZ6Aj7kETVkSzw3H6blDwldIEXxCLbl2vygpU9gYBnEBmx0NlkJg.N6d7xvcQNSYNQGv7jyjIob7Nke8sOGuY1Aqn5AAvLAk&dib_tag=se&keywords=laptop&qid=1727873312&sprefix=lapt%2Caps%2C651&sr=8-47
"HP Victus Gaming Laptop, 12th Gen Intel Core i5-12450H,4GB RTX 2050 GPU,15.6-inch(39.6 cm),FHD,IPS,144Hz,16GB DDR4,512GB SSD,Backlit KB,MSO,B&O,9ms Response time(Blue, 2.29 kg),fa1373TX/fa1227TX","57,990",https://amazon.in/HP-i5-12450H-15-6-inch-Response-fa1373TX/dp/B0D2DDJ6PJ/ref=sr_1_48?crid=1A01HI1R1B87&dib=eyJ2IjoiMSJ9.rMz_5N9UqFiUt0jeVSNDBlbzA7PkE3FN4xbvvJWpgr1EI6Yb19RnS00v9Wvadah_-qSF_R9oAHpbJF5lmR3lkRQruUKOhnSWFf4me-OVP-sb3cvtADxkpZ7nBXHCpsgs22nAHaKdpWOZTsm95lIIoXMWvtcIHp--KLrZN5wMsssw2blLEm1La2VgZ6Aj7kETVkSzw3H6blDwldIEXxCLbl2vygpU9gYBnEBmx0NlkJg.N6d7xvcQNSYNQGv7jyjIob7Nke8sOGuY1Aqn5AAvLAk&dib_tag=se&keywords=laptop&qid=1727873312&sprefix=lapt%2Caps%2C651&sr=8-48
"Lenovo IdeaPad Slim 3 Intel Core i7 12th Gen 15.6inch (39.62cm) FHD Thin & Light Laptop (8GB/512GB SSD/Windows 11/Office 2021/1Yr ADP Free/3months Game Pass/Grey/1.63Kg), 82RK011GIN","56,990",https://amazon.in/sspa/click?ie=UTF8&spc=MTozMjMwMjgwODM2NDAyNzIzOjE3Mjc4NzMyOTA6c3BfYnRmOjMwMDI1MDgzMTQ5NTgzMjo6MDo6&url=%2FLenovo-IdeaPad-39-62cm-Windows-82RK011EIN%2Fdp%2FB0CMGZCDRW%2Fref%3Dsr_1_21_sspa%3Fcrid%3D1A01HI1R1B87%26dib%3DeyJ2IjoiMSJ9.g7mVjr2rVl2bNNSpSXofrqCNKEUBy-r_a-CIRfagAU1Nq5E47fj2gQ7-x7iTS_x3d-Tl2ZvGf1dq3isXjLpaV4wfDHbF9iwp__knv-HVy9iieDLRvDBaY20PDrWedxp3AciH_qNaYjZ9lB8P-dHXYNlB__W1zKl0AP8bPwH7nAVlNLcO7U-kR7Nhex_0MTO3GSJ-IrZjNNkjQdxOLK47vmdRunpnhYcx__tXSz4gm4E.bmCpGnaSzoQsPf6w0ZiA5O1oGjCu2OhKV9ReGhIF5zU%26dib_tag%3Dse%26keywords%3Dlaptop%26qid%3D1727873290%26sprefix%3Dlapt%252Caps%252C651%26sr%3D8-21-spons%26sp_csd%3Dd2lkZ2V0TmFtZT1zcF9idGY%26psc%3D1
"ASUS TUF Gaming A15, 15.6"" (39.62cm) FHD 16:9 144Hz, AMD Ryzen 7 7435HS, Gaming Laptop (16 DDR5/512GB SSD/NVIDIA GeForce RTX 2050/Windows 11 Home/Graphite Black/2.30 Kg), FA506NFR-HN045W","54,990",https://amazon.in/ASUS-Gaming-15-6-39-62cm-FA506NFR-HN045W/dp/B0CDQ5CW9V/ref=sr_1_30?crid=1A01HI1R1B87&dib=eyJ2IjoiMSJ9.1xsZ21ZlJC_gZVceaWVRmAv4GElPpon36UE37o3Y3nXpxdCFo2kLoQGb9mCqb13po25az9PhzaMs-XoEdtwCvPHloH7m4rN1Mqbia1jTqYOL-DJNeReFv9aJAhGn_TRCzG88MKjVx5JJpLlCrEx0qhrdfDPoIRHeO5wx05lMVTF1CHby-WvrlyMGrz_eFeUTtnR3yLnRU0hbCBx9RYRTTS9v4iiOmpDYmJWPYD2epgU.HV7MgvG3miJEZyLwu5E8JTbiOyB860qua1KygiwJUis&dib_tag=se&keywords=laptop&qid=1727873301&sprefix=lapt%2Caps%2C651&sr=8-30
N/A,"54,990",https://amazon.in/sspa/click?ie=UTF8&spc=MTo2OTg3NjAzNjAxNzYxNDUxOjE3Mjc4NzMzNTc6c3Bfc2VhcmNoX3RoZW1hdGljOjMwMDI1NDI5ODIzNDYzMjo6MDo6&url=%2FAcer-Graphics-Win11Home-A515-58GM-Fingerprint%2Fdp%2FB0D1G7B66L%2Fref%3Dsxin_15_pa_sp_search_thematic_sspa%3Fcontent-id%3Damzn1.sym.59126330-c308-4c36-a5a0-21cac002681f%253Aamzn1.sym.59126330-c308-4c36-a5a0-21cac002681f%26crid%3D1A01HI1R1B87%26cv_ct_cx%3Dlaptop%26dib%3DeyJ2IjoiMSJ9.5yHxPWHdPRWNNOt-SPTPkAoFlYUk303FDgGdUNl46UzWocGN2Gjk-AJHCABjJF9V.CA4MNI-hEQsaN-z42BKLIj6oqGyAsz4qYvb7MLmbirw%26dib_tag%3Dse%26keywords%3Dlaptop%26pd_rd_i%3DB0D1G7B66L%26pd_rd_r%3D6527498a-ec6a-4575-b2f4-4805f4f5653b%26pd_rd_w%3D32mBf%26pd_rd_wg%3DRBuHT%26pf_rd_p%3D59126330-c308-4c36-a5a0-21cac002681f%26pf_rd_r%3D2C0ZD8B30N9KAQ6ACF23%26qid%3D1727873357%26sbo%3DRZvfv%252F%252FHxDF%252BO5021pAnSA%253D%253D%26sprefix%3Dlapt%252Caps%252C651%26sr%3D1-65-2ec22325-1003-449d-8aaf-c0bcc24717ae-spons%26sp_csd%3Dd2lkZ2V0TmFtZT1zcF9zZWFyY2hfdGhlbWF0aWM%26psc%3D1
"ASUS Vivobook 16X, 16"" FHD+, 144Hz 300nits, Intel Core i5-12500H 2.5 GHz, Creator/Gaming Laptop (16GB RAM/512GB SSD/RTX 2050/win 11/Office Home/50WHr Battery/Cool Silver/1.80 kg), K3605ZF-RP258WS","54,990",https://amazon.in/ASUS-Vivobook-300nits-i5-12500H-K3605ZF-RP258WS/dp/B09LCJ87VC/ref=sr_1_78?crid=1A01HI1R1B87&dib=eyJ2IjoiMSJ9.AkK1qaTtgdxqHRVQWZbCUT-AD3lsguOo8HYf8RhvOsCy8junxLNJlcBBhc1axgJKs39V-EN2R6C_Ncwnfaj5yxmmTdrz818QyYx4JSxhAi2Ipe6lTdZurYOavDvahFWg6tgAyGzaK_qJiLktdUDMe8rF5uDnDEN81FTVOvCXJovz7NWNNHAgfhll4b7airTSRnfzqHJhYLY_2SstATLvYBzE3x9uz-7tGwXsndtZPas.Q3nrUPCRhqcPOXhQDHBS2fDDO0tY-6jStKISTxEwD5w&dib_tag=se&keywords=laptop&qid=1727873357&sprefix=lapt%2Caps%2C651&sr=8-78
"HP Laptop 15, 13th Gen Intel Core i5-1335U, 15.6-inch (39.6 cm), FHD, 8GB DDR4, 512GB SSD, Intel Iris Xᵉ Graphics, FPR, FHD Camera, Metal Body,Backlit KB (Win 11, MSO 2021, Silver, 1.59 kg), hr0000TU","53,990",https://amazon.in/HP-i5-1335U-15-6-inch-Graphics-hr0000TU/dp/B0C3CMCLYT/ref=sr_1_93?crid=1A01HI1R1B87&dib=eyJ2IjoiMSJ9.fywzcsf8FxPSr-J0ct-rSBuxYvD1GcbISCVsuQjLDMq0XhZnNBqWI3IjshqwbZ3rbCe0q65XpotXV-sMHX0gLb9SK3WcWs_KLrDXWo0XUmFlS2rbLj8ool6NFCmoXJpAXPq13ee7f0I44h1h7VL6HJES4uuHXLtuc62QiH5G3pJXJXySm1qq-cUtVirrvHVntv4BRD0PPeF8rq5QKwCwLHlaAbkY7-8nOUPU172BnMk.nWXKG6ONfcWm9RUwlj0cv0-Eck7fKoY9GbOKBs4v9d4&dib_tag=se&keywords=laptop&qid=1727873376&sprefix=lapt%2Caps%2C651&sr=8-93
"Lenovo IdeaPad Slim 3 Intel Core i5-12450H 14"" (35.56cm) FHD IPS 300 Nits Thin & Light Laptop (16GB/512GB SSD/Win 11/Office 2021/Alexa Built-in/3 Month Game Pass/Arctic Grey/1.37Kg), 83EQ0044IN","52,700",https://amazon.in/Lenovo-IdeaPad-i5-12450H-35-56cm-83EQ0044IN/dp/B0CWRSC3HS/ref=sr_1_85?crid=1A01HI1R1B87&dib=eyJ2IjoiMSJ9.fywzcsf8FxPSr-J0ct-rSBuxYvD1GcbISCVsuQjLDMq0XhZnNBqWI3IjshqwbZ3rbCe0q65XpotXV-sMHX0gLb9SK3WcWs_KLrDXWo0XUmFlS2rbLj8ool6NFCmoXJpAXPq13ee7f0I44h1h7VL6HJES4uuHXLtuc62QiH5G3pJXJXySm1qq-cUtVirrvHVntv4BRD0PPeF8rq5QKwCwLHlaAbkY7-8nOUPU172BnMk.nWXKG6ONfcWm9RUwlj0cv0-Eck7fKoY9GbOKBs4v9d4&dib_tag=se&keywords=laptop&qid=1727873376&sprefix=lapt%2Caps%2C651&sr=8-85
"Lenovo IdeaPad Slim 3 12th Gen Intel Core i5-12450H 14"" (35.5cm) FHD 250 Nits Thin & Light Laptop (16GB/512GB SSD/Intel UHD Graphics/Win 11/MSO 21/1Yr ADP Free/3 mon.Game Pass/Grey/1.37Kg),83EQ005VIN","52,500",https://amazon.in/sspa/click?ie=UTF8&spc=MTozMjMwMjgwODM2NDAyNzIzOjE3Mjc4NzMyOTA6c3BfYnRmOjMwMDI1MDgzMTQ5NDUzMjo6MDo6&url=%2FLenovo-i5-12450H-Graphics-mon-Game-83EQ005VIN%2Fdp%2FB0D6MPVN7B%2Fref%3Dsr_1_22_sspa%3Fcrid%3D1A01HI1R1B87%26dib%3DeyJ2IjoiMSJ9.g7mVjr2rVl2bNNSpSXofrqCNKEUBy-r_a-CIRfagAU1Nq5E47fj2gQ7-x7iTS_x3d-Tl2ZvGf1dq3isXjLpaV4wfDHbF9iwp__knv-HVy9iieDLRvDBaY20PDrWedxp3AciH_qNaYjZ9lB8P-dHXYNlB__W1zKl0AP8bPwH7nAVlNLcO7U-kR7Nhex_0MTO3GSJ-IrZjNNkjQdxOLK47vmdRunpnhYcx__tXSz4gm4E.bmCpGnaSzoQsPf6w0ZiA5O1oGjCu2OhKV9ReGhIF5zU%26dib_tag%3Dse%26keywords%3Dlaptop%26qid%3D1727873290%26sprefix%3Dlapt%252Caps%252C651%26sr%3D8-22-spons%26sp_csd%3Dd2lkZ2V0TmFtZT1zcF9idGY%26psc%3D1
"Lenovo IdeaPad Slim 3 12th Gen Intel Core i5-12450H 14"" (35.5cm) FHD 250 Nits Thin & Light Laptop (16GB/512GB SSD/Intel UHD Graphics/Win 11/MSO 21/1Yr ADP Free/3 mon.Game Pass/Grey/1.37Kg),83EQ005VIN","52,500",https://amazon.in/Lenovo-i5-12450H-Graphics-mon-Game-83EQ005VIN/dp/B0D6MPVN7B/ref=sr_1_25?crid=1A01HI1R1B87&dib=eyJ2IjoiMSJ9.1xsZ21ZlJC_gZVceaWVRmAv4GElPpon36UE37o3Y3nXpxdCFo2kLoQGb9mCqb13po25az9PhzaMs-XoEdtwCvPHloH7m4rN1Mqbia1jTqYOL-DJNeReFv9aJAhGn_TRCzG88MKjVx5JJpLlCrEx0qhrdfDPoIRHeO5wx05lMVTF1CHby-WvrlyMGrz_eFeUTtnR3yLnRU0hbCBx9RYRTTS9v4iiOmpDYmJWPYD2epgU.HV7MgvG3miJEZyLwu5E8JTbiOyB860qua1KygiwJUis&dib_tag=se&keywords=laptop&qid=1727873301&sprefix=lapt%2Caps%2C651&sr=8-25
"MSI Thin 15, Intel 12th Gen. Core i5-12450H, 40CM FHD 144Hz Gaming Laptop(16GB/512GB NVMe SSD/Windows 11 Home/NVIDIA GeForce RTX 3050,GDDR6 4GB /Cosmos Gray/1.86Kg), B12UC-1692IN","50,990",https://amazon.in/MSI-i5-12450H-Windows-GeForce-B12UC-1692IN/dp/B0CV9P2BB8/ref=sr_1_80?crid=1A01HI1R1B87&dib=eyJ2IjoiMSJ9.AkK1qaTtgdxqHRVQWZbCUT-AD3lsguOo8HYf8RhvOsCy8junxLNJlcBBhc1axgJKs39V-EN2R6C_Ncwnfaj5yxmmTdrz818QyYx4JSxhAi2Ipe6lTdZurYOavDvahFWg6tgAyGzaK_qJiLktdUDMe8rF5uDnDEN81FTVOvCXJovz7NWNNHAgfhll4b7airTSRnfzqHJhYLY_2SstATLvYBzE3x9uz-7tGwXsndtZPas.Q3nrUPCRhqcPOXhQDHBS2fDDO0tY-6jStKISTxEwD5w&dib_tag=se&keywords=laptop&qid=1727873357&sprefix=lapt%2Caps%2C651&sr=8-80
"MSI Thin 15, Intel 12th Gen. Core i5-12450H, 40CM FHD 144Hz Gaming Laptop(16GB/512GB NVMe SSD/Windows 11 Home/NVIDIA GeForce RTX 3050,GDDR6 4GB /Cosmos Gray/1.86Kg), B12UC-1692IN","50,990",https://amazon.in/sspa/click?ie=UTF8&spc=MTo1NTQ5ODAzMjQyNDY2MDc6MTcyNzg3MzM3NjpzcF9hdGZfbmV4dDozMDAyNDYwODk2NjA5MzI6OjA6Og&url=%2FMSI-i5-12450H-Windows-GeForce-B12UC-1692IN%2Fdp%2FB0CV9P2BB8%2Fref%3Dsr_1_82_sspa%3Fcrid%3D1A01HI1R1B87%26dib%3DeyJ2IjoiMSJ9.fywzcsf8FxPSr-J0ct-rSBuxYvD1GcbISCVsuQjLDMq0XhZnNBqWI3IjshqwbZ3rbCe0q65XpotXV-sMHX0gLb9SK3WcWs_KLrDXWo0XUmFlS2rbLj8ool6NFCmoXJpAXPq13ee7f0I44h1h7VL6HJES4uuHXLtuc62QiH5G3pJXJXySm1qq-cUtVirrvHVntv4BRD0PPeF8rq5QKwCwLHlaAbkY7-8nOUPU172BnMk.nWXKG6ONfcWm9RUwlj0cv0-Eck7fKoY9GbOKBs4v9d4%26dib_tag%3Dse%26keywords%3Dlaptop%26qid%3D1727873376%26sprefix%3Dlapt%252Caps%252C651%26sr%3D8-82-spons%26sp_csd%3Dd2lkZ2V0TmFtZT1zcF9hdGZfbmV4dA%26psc%3D1
"Acer ALG 12th Gen Intel Core i5 Gaming Laptop (16GB RAM/512GB SSD/4GB RTX 2050 Graphics/60Hz/Win11Home/Wifi 6) AL15G-52, 39.62cm (15.6 inch) FHD Display, Premium Metal Body, Steel Gray, 1.99KG","50,990",https://amazon.in/Acer-Graphics-Win11Home-AL15G-52-39-62cm/dp/B0D32SKB4C/ref=sr_1_97?crid=1A01HI1R1B87&dib=eyJ2IjoiMSJ9.fywzcsf8FxPSr-J0ct-rSBuxYvD1GcbISCVsuQjLDMq0XhZnNBqWI3IjshqwbZ3rbCe0q65XpotXV-sMHX0gLb9SK3WcWs_KLrDXWo0XUmFlS2rbLj8ool6NFCmoXJpAXPq13ee7f0I44h1h7VL6HJES4uuHXLtuc62QiH5G3pJXJXySm1qq-cUtVirrvHVntv4BRD0PPeF8rq5QKwCwLHlaAbkY7-8nOUPU172BnMk.nWXKG6ONfcWm9RUwlj0cv0-Eck7fKoY9GbOKBs4v9d4&dib_tag=se&keywords=laptop&qid=1727873376&sprefix=lapt%2Caps%2C651&sr=8-97
"ASUS TUF F15 Gaming Laptop, Intel Core i5-11400H 11th Gen, 15.6-inch (39.62 cm) FHD 144Hz,(16GB RAM/512GB SSD/4GB NVIDIA GeForce RTX 2050/Windows 11/ RGB Backlit KB/Black/2.30 kg), FX506HF-HN025W","50,990",https://amazon.in/ASUS-SmartChoice-i5-11400H-GeForce-FX506HF-HN025W/dp/B0C27SD9YR/ref=sr_1_69?crid=1A01HI1R1B87&dib=eyJ2IjoiMSJ9.AkK1qaTtgdxqHRVQWZbCUT-AD3lsguOo8HYf8RhvOsCy8junxLNJlcBBhc1axgJKs39V-EN2R6C_Ncwnfaj5yxmmTdrz818QyYx4JSxhAi2Ipe6lTdZurYOavDvahFWg6tgAyGzaK_qJiLktdUDMe8rF5uDnDEN81FTVOvCXJovz7NWNNHAgfhll4b7airTSRnfzqHJhYLY_2SstATLvYBzE3x9uz-7tGwXsndtZPas.Q3nrUPCRhqcPOXhQDHBS2fDDO0tY-6jStKISTxEwD5w&dib_tag=se&keywords=laptop&qid=1727873357&sprefix=lapt%2Caps%2C651&sr=8-69
N/A,"50,990",https://amazon.in/sspa/click?ie=UTF8&spc=MTo2OTg3NjAzNjAxNzYxNDUxOjE3Mjc4NzMzNTc6c3Bfc2VhcmNoX3RoZW1hdGljOjMwMDE2OTcxMDA1MDUzMjo6MTo6&url=%2FMagicBook-i5-13420H-Anti-Glare-Keyboard-Fingerprint%2Fdp%2FB0CXLWXYB1%2Fref%3Dsxin_15_pa_sp_search_thematic_sspa%3Fcontent-id%3Damzn1.sym.59126330-c308-4c36-a5a0-21cac002681f%253Aamzn1.sym.59126330-c308-4c36-a5a0-21cac002681f%26crid%3D1A01HI1R1B87%26cv_ct_cx%3Dlaptop%26dib%3DeyJ2IjoiMSJ9.5yHxPWHdPRWNNOt-SPTPkAoFlYUk303FDgGdUNl46UzWocGN2Gjk-AJHCABjJF9V.CA4MNI-hEQsaN-z42BKLIj6oqGyAsz4qYvb7MLmbirw%26dib_tag%3Dse%26keywords%3Dlaptop%26pd_rd_i%3DB0CXLWXYB1%26pd_rd_r%3D6527498a-ec6a-4575-b2f4-4805f4f5653b%26pd_rd_w%3D32mBf%26pd_rd_wg%3DRBuHT%26pf_rd_p%3D59126330-c308-4c36-a5a0-21cac002681f%26pf_rd_r%3D2C0ZD8B30N9KAQ6ACF23%26qid%3D1727873357%26sbo%3DRZvfv%252F%252FHxDF%252BO5021pAnSA%253D%253D%26sprefix%3Dlapt%252Caps%252C651%26sr%3D1-66-2ec22325-1003-449d-8aaf-c0bcc24717ae-spons%26sp_csd%3Dd2lkZ2V0TmFtZT1zcF9zZWFyY2hfdGhlbWF0aWM%26psc%3D1
HP 15s Core i5 12th Gen (16GB RAM/512GB SSD/FHD/MS Office 21 /Backlit Keyboard /15.6-inch (39.6 cm)/FHD/Windows 11/Silver/1.69 kg) fy5009TU Laptop,"49,990",https://amazon.in/HP-Backlit-Keyboard-15-6-inch-fy5009TU/dp/B0D4M66F6R/ref=sr_1_5?crid=1A01HI1R1B87&dib=eyJ2IjoiMSJ9.g7mVjr2rVl2bNNSpSXofrqCNKEUBy-r_a-CIRfagAU1Nq5E47fj2gQ7-x7iTS_x3d-Tl2ZvGf1dq3isXjLpaV4wfDHbF9iwp__knv-HVy9iieDLRvDBaY20PDrWedxp3AciH_qNaYjZ9lB8P-dHXYNlB__W1zKl0AP8bPwH7nAVlNLcO7U-kR7Nhex_0MTO3GSJ-IrZjNNkjQdxOLK47vmdRunpnhYcx__tXSz4gm4E.bmCpGnaSzoQsPf6w0ZiA5O1oGjCu2OhKV9ReGhIF5zU&dib_tag=se&keywords=laptop&qid=1727873290&sprefix=lapt%2Caps%2C651&sr=8-5
HP 15s Core i5 12th Gen (16GB RAM/512GB SSD/FHD/MS Office 21 /Backlit Keyboard /15.6-inch (39.6 cm)/FHD/Windows 11/Silver/1.69 kg) fy5009TU Laptop,"49,990",https://amazon.in/sspa/click?ie=UTF8&spc=MTo4MzE1NTMzMTQ2NjQ3MzE5OjE3Mjc4NzMzMDE6c3BfbXRmOjMwMDI1MDgzMTQ5NDEzMjo6MDo6&url=%2FHP-Backlit-Keyboard-15-6-inch-fy5009TU%2Fdp%2FB0D4M66F6R%2Fref%3Dsr_1_28_sspa%3Fcrid%3D1A01HI1R1B87%26dib%3DeyJ2IjoiMSJ9.1xsZ21ZlJC_gZVceaWVRmAv4GElPpon36UE37o3Y3nXpxdCFo2kLoQGb9mCqb13po25az9PhzaMs-XoEdtwCvPHloH7m4rN1Mqbia1jTqYOL-DJNeReFv9aJAhGn_TRCzG88MKjVx5JJpLlCrEx0qhrdfDPoIRHeO5wx05lMVTF1CHby-WvrlyMGrz_eFeUTtnR3yLnRU0hbCBx9RYRTTS9v4iiOmpDYmJWPYD2epgU.HV7MgvG3miJEZyLwu5E8JTbiOyB860qua1KygiwJUis%26dib_tag%3Dse%26keywords%3Dlaptop%26qid%3D1727873301%26sprefix%3Dlapt%252Caps%252C651%26sr%3D8-28-spons%26sp_csd%3Dd2lkZ2V0TmFtZT1zcF9tdGY%26psc%3D1
"Dell 15 Thin & Light Laptop, Intel Core i5-1235U Processor/16GB DDR4+512GB SSD/Intel UHD Graphics/15 Inch (38cm) FHD Display/Windows 11 + MSO'21/15 Month McAfee/Carbon Black/Spill Resistant KB/1.69kg","47,990",https://amazon.in/Dell-15-Processor-Antivirus-Spill-Resistant/dp/B0BQJ7WR2R/ref=sr_1_13?crid=1A01HI1R1B87&dib=eyJ2IjoiMSJ9.g7mVjr2rVl2bNNSpSXofrqCNKEUBy-r_a-CIRfagAU1Nq5E47fj2gQ7-x7iTS_x3d-Tl2ZvGf1dq3isXjLpaV4wfDHbF9iwp__knv-HVy9iieDLRvDBaY20PDrWedxp3AciH_qNaYjZ9lB8P-dHXYNlB__W1zKl0AP8bPwH7nAVlNLcO7U-kR7Nhex_0MTO3GSJ-IrZjNNkjQdxOLK47vmdRunpnhYcx__tXSz4gm4E.bmCpGnaSzoQsPf6w0ZiA5O1oGjCu2OhKV9ReGhIF5zU&dib_tag=se&keywords=laptop&qid=1727873290&sprefix=lapt%2Caps%2C651&sr=8-13
"ASUS Vivobook 15, Intel Core i5-12500H 12th Gen, 15.6"" (39.62 cm) FHD, Thin and Light Laptop (16GB RAM/512GB/Win11/Office 2021/Silver/1.7 kg), X1502ZA-EJ542WS","47,990",https://amazon.in/ASUS-Vivobook-i5-12500H-Laptop-X1502ZA-EJ542WS/dp/B0C5Y3JBC4/ref=sr_1_20?crid=1A01HI1R1B87&dib=eyJ2IjoiMSJ9.g7mVjr2rVl2bNNSpSXofrqCNKEUBy-r_a-CIRfagAU1Nq5E47fj2gQ7-x7iTS_x3d-Tl2ZvGf1dq3isXjLpaV4wfDHbF9iwp__knv-HVy9iieDLRvDBaY20PDrWedxp3AciH_qNaYjZ9lB8P-dHXYNlB__W1zKl0AP8bPwH7nAVlNLcO7U-kR7Nhex_0MTO3GSJ-IrZjNNkjQdxOLK47vmdRunpnhYcx__tXSz4gm4E.bmCpGnaSzoQsPf6w0ZiA5O1oGjCu2OhKV9ReGhIF5zU&dib_tag=se&keywords=laptop&qid=1727873290&sprefix=lapt%2Caps%2C651&sr=8-20
"ASUS Vivobook 15 Thin and Light Laptop,Intel Core i5-12500H 12th Gen, 15.6"" (39.62 cm) FHD, (16GB RAM/512GB/Win11/Office 2021/Blue/1.7 kg), X1502ZA-EJ541WS","47,990",https://amazon.in/sspa/click?ie=UTF8&spc=MTo4MzE1NTMzMTQ2NjQ3MzE5OjE3Mjc4NzMzMDE6c3BfYXRmX25leHQ6MzAwMjUwODMxNDk0OTMyOjowOjo&url=%2FASUS-Vivobook-i5-12500H-Laptop-X1502ZA-EJ541WS%2Fdp%2FB0C7H6SSC8%2Fref%3Dsr_1_17_sspa%3Fcrid%3D1A01HI1R1B87%26dib%3DeyJ2IjoiMSJ9.1xsZ21ZlJC_gZVceaWVRmAv4GElPpon36UE37o3Y3nXpxdCFo2kLoQGb9mCqb13po25az9PhzaMs-XoEdtwCvPHloH7m4rN1Mqbia1jTqYOL-DJNeReFv9aJAhGn_TRCzG88MKjVx5JJpLlCrEx0qhrdfDPoIRHeO5wx05lMVTF1CHby-WvrlyMGrz_eFeUTtnR3yLnRU0hbCBx9RYRTTS9v4iiOmpDYmJWPYD2epgU.HV7MgvG3miJEZyLwu5E8JTbiOyB860qua1KygiwJUis%26dib_tag%3Dse%26keywords%3Dlaptop%26qid%3D1727873301%26sprefix%3Dlapt%252Caps%252C651%26sr%3D8-17-spons%26sp_csd%3Dd2lkZ2V0TmFtZT1zcF9hdGZfbmV4dA%26psc%3D1
"Dell 15 Thin & Light Laptop, Intel Core i5-1235U Processor/16GB DDR4+512GB SSD/Intel UHD Graphics/15 Inch (38cm) FHD Display/Windows 11 + MSO'21/15 Month McAfee/Carbon Black/Spill Resistant KB/1.69kg","47,990",https://amazon.in/sspa/click?ie=UTF8&spc=MToyMzIxNTQ5NzA3MTk1NDE6MTcyNzg3MzMxMjpzcF9hdGZfbmV4dDozMDAyNTA4MzE0OTM4MzI6OjA6Og&url=%2FDell-15-Processor-Antivirus-Spill-Resistant%2Fdp%2FB0BQJ7WR2R%2Fref%3Dsr_1_34_sspa%3Fcrid%3D1A01HI1R1B87%26dib%3DeyJ2IjoiMSJ9.rMz_5N9UqFiUt0jeVSNDBlbzA7PkE3FN4xbvvJWpgr1EI6Yb19RnS00v9Wvadah_-qSF_R9oAHpbJF5lmR3lkRQruUKOhnSWFf4me-OVP-sb3cvtADxkpZ7nBXHCpsgs22nAHaKdpWOZTsm95lIIoXMWvtcIHp--KLrZN5wMsssw2blLEm1La2VgZ6Aj7kETVkSzw3H6blDwldIEXxCLbl2vygpU9gYBnEBmx0NlkJg.N6d7xvcQNSYNQGv7jyjIob7Nke8sOGuY1Aqn5AAvLAk%26dib_tag%3Dse%26keywords%3Dlaptop%26qid%3D1727873312%26sprefix%3Dlapt%252Caps%252C651%26sr%3D8-34-spons%26sp_csd%3Dd2lkZ2V0TmFtZT1zcF9hdGZfbmV4dA%26psc%3D1
"ASUS Vivobook 15 Thin and Light Laptop,Intel Core i5-12500H 12th Gen, 15.6"" (39.62 cm) FHD, (16GB RAM/512GB/Win11/Office 2021/Blue/1.7 kg), X1502ZA-EJ541WS","47,990",https://amazon.in/ASUS-Vivobook-i5-12500H-Laptop-X1502ZA-EJ541WS/dp/B0C7H6SSC8/ref=sr_1_39?crid=1A01HI1R1B87&dib=eyJ2IjoiMSJ9.rMz_5N9UqFiUt0jeVSNDBlbzA7PkE3FN4xbvvJWpgr1EI6Yb19RnS00v9Wvadah_-qSF_R9oAHpbJF5lmR3lkRQruUKOhnSWFf4me-OVP-sb3cvtADxkpZ7nBXHCpsgs22nAHaKdpWOZTsm95lIIoXMWvtcIHp--KLrZN5wMsssw2blLEm1La2VgZ6Aj7kETVkSzw3H6blDwldIEXxCLbl2vygpU9gYBnEBmx0NlkJg.N6d7xvcQNSYNQGv7jyjIob7Nke8sOGuY1Aqn5AAvLAk&dib_tag=se&keywords=laptop&qid=1727873312&sprefix=lapt%2Caps%2C651&sr=8-39
"HP Laptop 15s, AMD Ryzen 7 5700U, 15.6-inch (39.6 cm), FHD, 16GB DDR4, 512GB SSD, AMD Radeon graphics, Backlit KB, Thin & light, Dual speakers (Win 11, MSO 2021, Silver, 1.69 kg), ey2001AU","47,818",https://amazon.in/HP-15-6-inch-Graphics-Speakers-ey2001AU/dp/B0C9DDN2JB/ref=sr_1_73?crid=1A01HI1R1B87&dib=eyJ2IjoiMSJ9.AkK1qaTtgdxqHRVQWZbCUT-AD3lsguOo8HYf8RhvOsCy8junxLNJlcBBhc1axgJKs39V-EN2R6C_Ncwnfaj5yxmmTdrz818QyYx4JSxhAi2Ipe6lTdZurYOavDvahFWg6tgAyGzaK_qJiLktdUDMe8rF5uDnDEN81FTVOvCXJovz7NWNNHAgfhll4b7airTSRnfzqHJhYLY_2SstATLvYBzE3x9uz-7tGwXsndtZPas.Q3nrUPCRhqcPOXhQDHBS2fDDO0tY-6jStKISTxEwD5w&dib_tag=se&keywords=laptop&qid=1727873357&sprefix=lapt%2Caps%2C651&sr=8-73
"Acer Aspire Lite 12th Gen Intel Core i7-1255U Premium Metal Laptop (Windows 11 Home/16 GB RAM/512 GB SSD) AL15-52, 39.62cm (15.6"") Full HD Display, Metal Body, Steel Gray, 1.59 Kg","46,990",https://amazon.in/sspa/click?ie=UTF8&spc=MTo4MzE1NTMzMTQ2NjQ3MzE5OjE3Mjc4NzMzMDE6c3BfYnRmOjMwMDM0MjQ3Nzc4OTEzMjo6MDo6&url=%2FAcer-i7-1255U-Premium-Windows-AL15-52%2Fdp%2FB0D262KC1J%2Fref%3Dsr_1_37_sspa%3Fcrid%3D1A01HI1R1B87%26dib%3DeyJ2IjoiMSJ9.1xsZ21ZlJC_gZVceaWVRmAv4GElPpon36UE37o3Y3nXpxdCFo2kLoQGb9mCqb13po25az9PhzaMs-XoEdtwCvPHloH7m4rN1Mqbia1jTqYOL-DJNeReFv9aJAhGn_TRCzG88MKjVx5JJpLlCrEx0qhrdfDPoIRHeO5wx05lMVTF1CHby-WvrlyMGrz_eFeUTtnR3yLnRU0hbCBx9RYRTTS9v4iiOmpDYmJWPYD2epgU.HV7MgvG3miJEZyLwu5E8JTbiOyB860qua1KygiwJUis%26dib_tag%3Dse%26keywords%3Dlaptop%26qid%3D1727873301%26sprefix%3Dlapt%252Caps%252C651%26sr%3D8-37-spons%26sp_csd%3Dd2lkZ2V0TmFtZT1zcF9idGY%26psc%3D1
"HP 15s Core i5 12th Gen (8GB RAM/512GB SSD/FHD/MS Office/Backlit Keyboard/Windows 11/15.6"" (39.6cm)/Silver/1.69 kg) fy5008TU Laptop","46,990",https://amazon.in/sspa/click?ie=UTF8&spc=MTo3MTU5NTY1MDQ0ODY1NDQ2OjE3Mjc4NzMzNTc6c3BfYXRmX25leHQ6MzAwMjUwODMxNDk0NDMyOjowOjo&url=%2FHP-Backlit-Keyboard-Windows-fy5008TU%2Fdp%2FB0D4M1XZ3D%2Fref%3Dsr_1_65_sspa%3Fcrid%3D1A01HI1R1B87%26dib%3DeyJ2IjoiMSJ9.AkK1qaTtgdxqHRVQWZbCUT-AD3lsguOo8HYf8RhvOsCy8junxLNJlcBBhc1axgJKs39V-EN2R6C_Ncwnfaj5yxmmTdrz818QyYx4JSxhAi2Ipe6lTdZurYOavDvahFWg6tgAyGzaK_qJiLktdUDMe8rF5uDnDEN81FTVOvCXJovz7NWNNHAgfhll4b7airTSRnfzqHJhYLY_2SstATLvYBzE3x9uz-7tGwXsndtZPas.Q3nrUPCRhqcPOXhQDHBS2fDDO0tY-6jStKISTxEwD5w%26dib_tag%3Dse%26keywords%3Dlaptop%26qid%3D1727873357%26sprefix%3Dlapt%252Caps%252C651%26sr%3D8-65-spons%26sp_csd%3Dd2lkZ2V0TmFtZT1zcF9hdGZfbmV4dA%26psc%3D1
"Acer Aspire Lite 12th Gen Intel Core i7-1255U Premium Metal Laptop (Windows 11 Home/16 GB RAM/512 GB SSD) AL15-52, 39.62cm (15.6"") Full HD Display, Metal Body, Steel Gray, 1.59 Kg","46,990",https://amazon.in/Acer-i7-1255U-Premium-Windows-AL15-52/dp/B0D262KC1J/ref=sr_1_74?crid=1A01HI1R1B87&dib=eyJ2IjoiMSJ9.AkK1qaTtgdxqHRVQWZbCUT-AD3lsguOo8HYf8RhvOsCy8junxLNJlcBBhc1axgJKs39V-EN2R6C_Ncwnfaj5yxmmTdrz818QyYx4JSxhAi2Ipe6lTdZurYOavDvahFWg6tgAyGzaK_qJiLktdUDMe8rF5uDnDEN81FTVOvCXJovz7NWNNHAgfhll4b7airTSRnfzqHJhYLY_2SstATLvYBzE3x9uz-7tGwXsndtZPas.Q3nrUPCRhqcPOXhQDHBS2fDDO0tY-6jStKISTxEwD5w&dib_tag=se&keywords=laptop&qid=1727873357&sprefix=lapt%2Caps%2C651&sr=8-74
"Dell 14 Thin & Light Laptop, Intel Core i5-1235U Processor, 8GB + 512GB SSD, 14.0"" (35.62cm) FHD AG 250 nits Display, Windows 11 + MSO'21 & 15 Month McAfee, Grey, Spill-Resistant Keyboard, 1.48kg","45,990",https://amazon.in/Dell-Laptop-i5-1235U-Processor-Spill-Resistant/dp/B0D2DNCMB4/ref=sr_1_83?crid=1A01HI1R1B87&dib=eyJ2IjoiMSJ9.fywzcsf8FxPSr-J0ct-rSBuxYvD1GcbISCVsuQjLDMq0XhZnNBqWI3IjshqwbZ3rbCe0q65XpotXV-sMHX0gLb9SK3WcWs_KLrDXWo0XUmFlS2rbLj8ool6NFCmoXJpAXPq13ee7f0I44h1h7VL6HJES4uuHXLtuc62QiH5G3pJXJXySm1qq-cUtVirrvHVntv4BRD0PPeF8rq5QKwCwLHlaAbkY7-8nOUPU172BnMk.nWXKG6ONfcWm9RUwlj0cv0-Eck7fKoY9GbOKBs4v9d4&dib_tag=se&keywords=laptop&qid=1727873376&sprefix=lapt%2Caps%2C651&sr=8-83
"MSI Thin 15, Intel Core i5-12450H, 40CM FHD 144Hz Gaming Laptop(16GB/512GB NVMe SSD/Windows 11 Home/NVIDIA GeForce RTX 2050,GDDR 4GB /Cosmos Gray/1.86Kg), B12UCX-1695IN","45,990",https://amazon.in/MSI-i5-12450H-Windows-GeForce-B12UCX-1695IN/dp/B0CV9S9VTD/ref=sr_1_40?crid=1A01HI1R1B87&dib=eyJ2IjoiMSJ9.rMz_5N9UqFiUt0jeVSNDBlbzA7PkE3FN4xbvvJWpgr1EI6Yb19RnS00v9Wvadah_-qSF_R9oAHpbJF5lmR3lkRQruUKOhnSWFf4me-OVP-sb3cvtADxkpZ7nBXHCpsgs22nAHaKdpWOZTsm95lIIoXMWvtcIHp--KLrZN5wMsssw2blLEm1La2VgZ6Aj7kETVkSzw3H6blDwldIEXxCLbl2vygpU9gYBnEBmx0NlkJg.N6d7xvcQNSYNQGv7jyjIob7Nke8sOGuY1Aqn5AAvLAk&dib_tag=se&keywords=laptop&qid=1727873312&sprefix=lapt%2Caps%2C651&sr=8-40
"MSI Thin 15, Intel Core i5-12450H, 40CM FHD 144Hz Gaming Laptop(16GB/512GB NVMe SSD/Windows 11 Home/NVIDIA GeForce RTX 2050,GDDR 4GB /Cosmos Gray/1.86Kg), B12UCX-1695IN","45,990",https://amazon.in/sspa/click?ie=UTF8&spc=MToyMzIxNTQ5NzA3MTk1NDE6MTcyNzg3MzMxMjpzcF9tdGY6MzAwMjQ2MDg5NjYxMTMyOjowOjo&url=%2FMSI-i5-12450H-Windows-GeForce-B12UCX-1695IN%2Fdp%2FB0CV9S9VTD%2Fref%3Dsr_1_43_sspa%3Fcrid%3D1A01HI1R1B87%26dib%3DeyJ2IjoiMSJ9.rMz_5N9UqFiUt0jeVSNDBlbzA7PkE3FN4xbvvJWpgr1EI6Yb19RnS00v9Wvadah_-qSF_R9oAHpbJF5lmR3lkRQruUKOhnSWFf4me-OVP-sb3cvtADxkpZ7nBXHCpsgs22nAHaKdpWOZTsm95lIIoXMWvtcIHp--KLrZN5wMsssw2blLEm1La2VgZ6Aj7kETVkSzw3H6blDwldIEXxCLbl2vygpU9gYBnEBmx0NlkJg.N6d7xvcQNSYNQGv7jyjIob7Nke8sOGuY1Aqn5AAvLAk%26dib_tag%3Dse%26keywords%3Dlaptop%26qid%3D1727873312%26sprefix%3Dlapt%252Caps%252C651%26sr%3D8-43-spons%26sp_csd%3Dd2lkZ2V0TmFtZT1zcF9tdGY%26psc%3D1
"Dell 15 Thin & Light Laptop, Intel Core i5-1235U Processor, 8GB, 512GB, 15.6"" (39.62cm) FHD 120Hz 250 nits Display, Intel UHD Graphics Win 11 + MSO'21 + 15 Month McAfee, Titan Grey, 1.69kg","44,990",https://amazon.in/sspa/click?ie=UTF8&spc=MTo1NTQ5ODAzMjQyNDY2MDc6MTcyNzg3MzM3NjpzcF9idGY6MzAwMjUwODMxNDk0NjMyOjowOjo&url=%2FDell-i5-1235U-Processor-39-62cm-Graphics%2Fdp%2FB0BQJ7NMVM%2Fref%3Dsr_1_102_sspa%3Fcrid%3D1A01HI1R1B87%26dib%3DeyJ2IjoiMSJ9.fywzcsf8FxPSr-J0ct-rSBuxYvD1GcbISCVsuQjLDMq0XhZnNBqWI3IjshqwbZ3rbCe0q65XpotXV-sMHX0gLb9SK3WcWs_KLrDXWo0XUmFlS2rbLj8ool6NFCmoXJpAXPq13ee7f0I44h1h7VL6HJES4uuHXLtuc62QiH5G3pJXJXySm1qq-cUtVirrvHVntv4BRD0PPeF8rq5QKwCwLHlaAbkY7-8nOUPU172BnMk.nWXKG6ONfcWm9RUwlj0cv0-Eck7fKoY9GbOKBs4v9d4%26dib_tag%3Dse%26keywords%3Dlaptop%26qid%3D1727873376%26sprefix%3Dlapt%252Caps%252C651%26sr%3D8-102-spons%26sp_csd%3Dd2lkZ2V0TmFtZT1zcF9idGY%26psc%3D1
"HP Pavilion 15, AMD Ryzen 5 7530U, 15.6-inch (39.6 cm), FHD, 8GB DDR4, 512GB SSD, AMD Radeon Graphics, 720p HD Camera, Backlit KB, Audio by B&O (Win 11, MSO 2021, Silver, 1.75 kg), eh3036AU","44,990",https://amazon.in/sspa/click?ie=UTF8&spc=MToyMzIxNTQ5NzA3MTk1NDE6MTcyNzg3MzMxMjpzcF9idGY6MzAwMzQ2MzQ4NTkzMTMyOjowOjo&url=%2FHP-Pavilion-15-6-inch-Graphics-eh3036AU%2Fdp%2FB0D154JLVS%2Fref%3Dsr_1_54_sspa%3Fcrid%3D1A01HI1R1B87%26dib%3DeyJ2IjoiMSJ9.rMz_5N9UqFiUt0jeVSNDBlbzA7PkE3FN4xbvvJWpgr1EI6Yb19RnS00v9Wvadah_-qSF_R9oAHpbJF5lmR3lkRQruUKOhnSWFf4me-OVP-sb3cvtADxkpZ7nBXHCpsgs22nAHaKdpWOZTsm95lIIoXMWvtcIHp--KLrZN5wMsssw2blLEm1La2VgZ6Aj7kETVkSzw3H6blDwldIEXxCLbl2vygpU9gYBnEBmx0NlkJg.N6d7xvcQNSYNQGv7jyjIob7Nke8sOGuY1Aqn5AAvLAk%26dib_tag%3Dse%26keywords%3Dlaptop%26qid%3D1727873312%26sprefix%3Dlapt%252Caps%252C651%26sr%3D8-54-spons%26sp_csd%3Dd2lkZ2V0TmFtZT1zcF9idGY%26psc%3D1
"Dell 15 Thin & Light Laptop, Core i5-1235U Processor, 8GB RAM + 512GB SSD, 15.6"" FHD Window 11 + MSO '21, 15 Month McAfee, Spill-Resistant Keyboard, Black, 1.66kg","43,990",https://amazon.in/Dell-i5-1235U-Processor-Antivirus-Spill-Resistant/dp/B0CSG4G18G/ref=sr_1_26?crid=1A01HI1R1B87&dib=eyJ2IjoiMSJ9.1xsZ21ZlJC_gZVceaWVRmAv4GElPpon36UE37o3Y3nXpxdCFo2kLoQGb9mCqb13po25az9PhzaMs-XoEdtwCvPHloH7m4rN1Mqbia1jTqYOL-DJNeReFv9aJAhGn_TRCzG88MKjVx5JJpLlCrEx0qhrdfDPoIRHeO5wx05lMVTF1CHby-WvrlyMGrz_eFeUTtnR3yLnRU0hbCBx9RYRTTS9v4iiOmpDYmJWPYD2epgU.HV7MgvG3miJEZyLwu5E8JTbiOyB860qua1KygiwJUis&dib_tag=se&keywords=laptop&qid=1727873301&sprefix=lapt%2Caps%2C651&sr=8-26
"Lenovo [Smart Choice Ideapad Gaming 3 Laptop AMD Ryzen 5 5500H 15.6"" (39.62Cm) Fhd IPS 300Nits 144Hz (8Gb/512Gb Ssd/Win11/Nvidia RTX 2050 4Gb/Alexa/3 Month Game Pass/Shadow Black/2.32Kg),82K20289In","43,990",https://amazon.in/Lenovo-IdeaPad-39-62cm-300nits-82K20289IN/dp/B0CL5L59Z9/ref=sr_1_50?crid=1A01HI1R1B87&dib=eyJ2IjoiMSJ9.rMz_5N9UqFiUt0jeVSNDBlbzA7PkE3FN4xbvvJWpgr1EI6Yb19RnS00v9Wvadah_-qSF_R9oAHpbJF5lmR3lkRQruUKOhnSWFf4me-OVP-sb3cvtADxkpZ7nBXHCpsgs22nAHaKdpWOZTsm95lIIoXMWvtcIHp--KLrZN5wMsssw2blLEm1La2VgZ6Aj7kETVkSzw3H6blDwldIEXxCLbl2vygpU9gYBnEBmx0NlkJg.N6d7xvcQNSYNQGv7jyjIob7Nke8sOGuY1Aqn5AAvLAk&dib_tag=se&keywords=laptop&qid=1727873312&sprefix=lapt%2Caps%2C651&sr=8-50
"ASUS Vivobook 15, Intel Core i5-12500H 12th Gen, Thin and Light Laptop, 15.6"" (39.62 cm) FHD, (8 GB RAM/512GB SSD/Windows11/Office 2021/Backlit/42WHr/Silver/1.70 kg), X1502ZA-EJ524WS","42,990",https://amazon.in/sspa/click?ie=UTF8&spc=MTozMjMwMjgwODM2NDAyNzIzOjE3Mjc4NzMyOTA6c3BfbXRmOjMwMDM0MjQ3Nzc4ODYzMjo6MDo6&url=%2FASUS-Vivobook-i5-12500H-Backlit-X1502ZA-EJ524WS%2Fdp%2FB0CCP83BK2%2Fref%3Dsr_1_11_sspa%3Fcrid%3D1A01HI1R1B87%26dib%3DeyJ2IjoiMSJ9.g7mVjr2rVl2bNNSpSXofrqCNKEUBy-r_a-CIRfagAU1Nq5E47fj2gQ7-x7iTS_x3d-Tl2ZvGf1dq3isXjLpaV4wfDHbF9iwp__knv-HVy9iieDLRvDBaY20PDrWedxp3AciH_qNaYjZ9lB8P-dHXYNlB__W1zKl0AP8bPwH7nAVlNLcO7U-kR7Nhex_0MTO3GSJ-IrZjNNkjQdxOLK47vmdRunpnhYcx__tXSz4gm4E.bmCpGnaSzoQsPf6w0ZiA5O1oGjCu2OhKV9ReGhIF5zU%26dib_tag%3Dse%26keywords%3Dlaptop%26qid%3D1727873290%26sprefix%3Dlapt%252Caps%252C651%26sr%3D8-11-spons%26sp_csd%3Dd2lkZ2V0TmFtZT1zcF9tdGY%26psc%3D1
"Lenovo AMD Thinkbook 16 G6 Ryzen 5 16"" Wuxga IPS Antiglare 300 Nits Thin and Light Laptop (16Gb Ram/512Gb Ssd/Windows 11 Home/Fpr/Arctic Grey/1 Year Onsite/1.7 Kg), 21Kka07Rin","42,990",https://amazon.in/sspa/click?ie=UTF8&spc=MTo1NTQ5ODAzMjQyNDY2MDc6MTcyNzg3MzM3NjpzcF9idGY6MzAwMzQ3NzQzMTAyNTMyOjowOjo&url=%2FLenovo-Thinkbook-16-G6-21Kka07Rin%2Fdp%2FB0CZ7DNGZH%2Fref%3Dsr_1_101_sspa%3Fcrid%3D1A01HI1R1B87%26dib%3DeyJ2IjoiMSJ9.fywzcsf8FxPSr-J0ct-rSBuxYvD1GcbISCVsuQjLDMq0XhZnNBqWI3IjshqwbZ3rbCe0q65XpotXV-sMHX0gLb9SK3WcWs_KLrDXWo0XUmFlS2rbLj8ool6NFCmoXJpAXPq13ee7f0I44h1h7VL6HJES4uuHXLtuc62QiH5G3pJXJXySm1qq-cUtVirrvHVntv4BRD0PPeF8rq5QKwCwLHlaAbkY7-8nOUPU172BnMk.nWXKG6ONfcWm9RUwlj0cv0-Eck7fKoY9GbOKBs4v9d4%26dib_tag%3Dse%26keywords%3Dlaptop%26qid%3D1727873376%26sprefix%3Dlapt%252Caps%252C651%26sr%3D8-101-spons%26sp_csd%3Dd2lkZ2V0TmFtZT1zcF9idGY%26psc%3D1
"ASUS Vivobook 15, Intel Core i5-12500H 12th Gen,Thin and Light Laptop,15.6"" (39.62 cm) FHD, (8GB RAM/512GB/Windows11/Office 2021/Blue/1.7 kg), X1502ZA-EJ523WS","42,990",https://amazon.in/sspa/click?ie=UTF8&spc=MToyMzIxNTQ5NzA3MTk1NDE6MTcyNzg3MzMxMjpzcF9hdGZfbmV4dDozMDAzNDI0Nzc3ODg1MzI6OjA6Og&url=%2FASUS-Vivobook-i5-12500H-Laptop-X1502ZA-EJ523WS%2Fdp%2FB0C5N3G2MD%2Fref%3Dsr_1_33_sspa%3Fcrid%3D1A01HI1R1B87%26dib%3DeyJ2IjoiMSJ9.rMz_5N9UqFiUt0jeVSNDBlbzA7PkE3FN4xbvvJWpgr1EI6Yb19RnS00v9Wvadah_-qSF_R9oAHpbJF5lmR3lkRQruUKOhnSWFf4me-OVP-sb3cvtADxkpZ7nBXHCpsgs22nAHaKdpWOZTsm95lIIoXMWvtcIHp--KLrZN5wMsssw2blLEm1La2VgZ6Aj7kETVkSzw3H6blDwldIEXxCLbl2vygpU9gYBnEBmx0NlkJg.N6d7xvcQNSYNQGv7jyjIob7Nke8sOGuY1Aqn5AAvLAk%26dib_tag%3Dse%26keywords%3Dlaptop%26qid%3D1727873312%26sprefix%3Dlapt%252Caps%252C651%26sr%3D8-33-spons%26sp_csd%3Dd2lkZ2V0TmFtZT1zcF9hdGZfbmV4dA%26psc%3D1
"ASUS Vivobook 15, Intel Core i5-12500H 12th Gen, Thin and Light Laptop, 15.6"" (39.62 cm) FHD, (8 GB RAM/512GB SSD/Windows11/Office 2021/Backlit/42WHr/Silver/1.70 kg), X1502ZA-EJ524WS","42,990",https://amazon.in/ASUS-Vivobook-i5-12500H-Backlit-X1502ZA-EJ524WS/dp/B0CCP83BK2/ref=sr_1_49?crid=1A01HI1R1B87&dib=eyJ2IjoiMSJ9.rMz_5N9UqFiUt0jeVSNDBlbzA7PkE3FN4xbvvJWpgr1EI6Yb19RnS00v9Wvadah_-qSF_R9oAHpbJF5lmR3lkRQruUKOhnSWFf4me-OVP-sb3cvtADxkpZ7nBXHCpsgs22nAHaKdpWOZTsm95lIIoXMWvtcIHp--KLrZN5wMsssw2blLEm1La2VgZ6Aj7kETVkSzw3H6blDwldIEXxCLbl2vygpU9gYBnEBmx0NlkJg.N6d7xvcQNSYNQGv7jyjIob7Nke8sOGuY1Aqn5AAvLAk&dib_tag=se&keywords=laptop&qid=1727873312&sprefix=lapt%2Caps%2C651&sr=8-49
"MSI Thin 15, Intel Core i5-12450H, 40CM FHD 144Hz Gaming Laptop(8GB/512GB NVMe SSD/Windows 11 Home/NVIDIA GeForce RTX 2050,GDDR6 4GB/Cosmos Gray/1.86Kg), B12UCX-1696IN","42,529",https://amazon.in/sspa/click?ie=UTF8&spc=MTo4MzE1NTMzMTQ2NjQ3MzE5OjE3Mjc4NzMzMDE6c3BfYnRmOjMwMDI0NjA4OTY2MTIzMjo6MDo6&url=%2FMSI-i5-12450H-Windows-GeForce-B12UCX-1696IN%2Fdp%2FB0CV9S9VTM%2Fref%3Dsr_1_38_sspa%3Fcrid%3D1A01HI1R1B87%26dib%3DeyJ2IjoiMSJ9.1xsZ21ZlJC_gZVceaWVRmAv4GElPpon36UE37o3Y3nXpxdCFo2kLoQGb9mCqb13po25az9PhzaMs-XoEdtwCvPHloH7m4rN1Mqbia1jTqYOL-DJNeReFv9aJAhGn_TRCzG88MKjVx5JJpLlCrEx0qhrdfDPoIRHeO5wx05lMVTF1CHby-WvrlyMGrz_eFeUTtnR3yLnRU0hbCBx9RYRTTS9v4iiOmpDYmJWPYD2epgU.HV7MgvG3miJEZyLwu5E8JTbiOyB860qua1KygiwJUis%26dib_tag%3Dse%26keywords%3Dlaptop%26qid%3D1727873301%26sprefix%3Dlapt%252Caps%252C651%26sr%3D8-38-spons%26sp_csd%3Dd2lkZ2V0TmFtZT1zcF9idGY%26psc%3D1
"CHUWI CoreBook X Pro Laptop 12thGen i5-12450H Processor 15.6"" Laptop with 16GB DDR4 RAM and 512GB SSD, FHD Display, Backlit Keyboard, Windows 11, Gray, 3xUSB3.0,1xHDMI,SD Card Slot,3.5MM,Camera Switch","41,990",https://amazon.in/sspa/click?ie=UTF8&spc=MTo3MTU5NTY1MDQ0ODY1NDQ2OjE3Mjc4NzMzNTc6c3BfbXRmOjMwMDMyNDY5NTMwMjkzMjo6MDo6&url=%2FCoreBook-i5-12450H-Processor-Keyboard-3xUSB3-0%2Fdp%2FB0D876WXM7%2Fref%3Dsr_1_76_sspa%3Fcrid%3D1A01HI1R1B87%26dib%3DeyJ2IjoiMSJ9.AkK1qaTtgdxqHRVQWZbCUT-AD3lsguOo8HYf8RhvOsCy8junxLNJlcBBhc1axgJKs39V-EN2R6C_Ncwnfaj5yxmmTdrz818QyYx4JSxhAi2Ipe6lTdZurYOavDvahFWg6tgAyGzaK_qJiLktdUDMe8rF5uDnDEN81FTVOvCXJovz7NWNNHAgfhll4b7airTSRnfzqHJhYLY_2SstATLvYBzE3x9uz-7tGwXsndtZPas.Q3nrUPCRhqcPOXhQDHBS2fDDO0tY-6jStKISTxEwD5w%26dib_tag%3Dse%26keywords%3Dlaptop%26qid%3D1727873357%26sprefix%3Dlapt%252Caps%252C651%26sr%3D8-76-spons%26sp_csd%3Dd2lkZ2V0TmFtZT1zcF9tdGY%26psc%3D1
"Acer Aspire Lite 12th Gen Intel Core i5-1235U Premium Laptop (16GB RAM/512GB SSD/Win11 Home&Student/Intel Graphics/MSO) AL15-52, 39.62cm (15.6"") Full HD Display, Backlit Keyboard, Steel Gray, 1.59KG","40,990",https://amazon.in/sspa/click?ie=UTF8&spc=MTo3MTU5NTY1MDQ0ODY1NDQ2OjE3Mjc4NzMzNTc6c3BfYnRmOjMwMDM0MjQ3Nzc4ODgzMjo6MDo6&url=%2FAcer-i5-1235U-Graphics-AL15-52-Keyboard%2Fdp%2FB0D4Z8WJY4%2Fref%3Dsr_1_85_sspa%3Fcrid%3D1A01HI1R1B87%26dib%3DeyJ2IjoiMSJ9.AkK1qaTtgdxqHRVQWZbCUT-AD3lsguOo8HYf8RhvOsCy8junxLNJlcBBhc1axgJKs39V-EN2R6C_Ncwnfaj5yxmmTdrz818QyYx4JSxhAi2Ipe6lTdZurYOavDvahFWg6tgAyGzaK_qJiLktdUDMe8rF5uDnDEN81FTVOvCXJovz7NWNNHAgfhll4b7airTSRnfzqHJhYLY_2SstATLvYBzE3x9uz-7tGwXsndtZPas.Q3nrUPCRhqcPOXhQDHBS2fDDO0tY-6jStKISTxEwD5w%26dib_tag%3Dse%26keywords%3Dlaptop%26qid%3D1727873357%26sprefix%3Dlapt%252Caps%252C651%26sr%3D8-85-spons%26sp_csd%3Dd2lkZ2V0TmFtZT1zcF9idGY%26psc%3D1
"Acer Aspire Lite 12th Gen Intel Core i5-1235U Premium Laptop (16GB RAM/512GB SSD/Win11 Home&Student/Intel Graphics/MSO) AL15-52, 39.62cm (15.6"") Full HD Display, Backlit Keyboard, Steel Gray, 1.59KG","40,990",https://amazon.in/Acer-i5-1235U-Graphics-AL15-52-Keyboard/dp/B0D4Z8WJY4/ref=sr_1_86?crid=1A01HI1R1B87&dib=eyJ2IjoiMSJ9.fywzcsf8FxPSr-J0ct-rSBuxYvD1GcbISCVsuQjLDMq0XhZnNBqWI3IjshqwbZ3rbCe0q65XpotXV-sMHX0gLb9SK3WcWs_KLrDXWo0XUmFlS2rbLj8ool6NFCmoXJpAXPq13ee7f0I44h1h7VL6HJES4uuHXLtuc62QiH5G3pJXJXySm1qq-cUtVirrvHVntv4BRD0PPeF8rq5QKwCwLHlaAbkY7-8nOUPU172BnMk.nWXKG6ONfcWm9RUwlj0cv0-Eck7fKoY9GbOKBs4v9d4&dib_tag=se&keywords=laptop&qid=1727873376&sprefix=lapt%2Caps%2C651&sr=8-86
"HP Laptop 15s, AMD Ryzen 5 5500U, 15.6-inch (39.6 cm), FHD, 16GB DDR4, 512GB SSD, AMD Radeon Graphics, 720p HD Camera, Backlit KB, Thin & Light (Win 11, MSO 2021, Silver, 1.69 kg), eq2182AU","39,990",https://amazon.in/HP-15-6-inches-Micro-Edge-Anti-Glare-15s-eq2182AU/dp/B0B4N77Y34/ref=sr_1_14?crid=1A01HI1R1B87&dib=eyJ2IjoiMSJ9.g7mVjr2rVl2bNNSpSXofrqCNKEUBy-r_a-CIRfagAU1Nq5E47fj2gQ7-x7iTS_x3d-Tl2ZvGf1dq3isXjLpaV4wfDHbF9iwp__knv-HVy9iieDLRvDBaY20PDrWedxp3AciH_qNaYjZ9lB8P-dHXYNlB__W1zKl0AP8bPwH7nAVlNLcO7U-kR7Nhex_0MTO3GSJ-IrZjNNkjQdxOLK47vmdRunpnhYcx__tXSz4gm4E.bmCpGnaSzoQsPf6w0ZiA5O1oGjCu2OhKV9ReGhIF5zU&dib_tag=se&keywords=laptop&qid=1727873290&sprefix=lapt%2Caps%2C651&sr=8-14
HP 15 Core i3 13th Gen (8GB RAM/512GB SSD/FHD/MS Office 21/Backlit Keyboard/15.6-inch (39.6 cm)/ Windows 11/Silver/1.59 kg) fd0186TU Laptop,"39,990",https://amazon.in/HP-Backlit-Keyboard-15-6-inch-fd0186TU/dp/B0D2KDCWJL/ref=sr_1_29?crid=1A01HI1R1B87&dib=eyJ2IjoiMSJ9.1xsZ21ZlJC_gZVceaWVRmAv4GElPpon36UE37o3Y3nXpxdCFo2kLoQGb9mCqb13po25az9PhzaMs-XoEdtwCvPHloH7m4rN1Mqbia1jTqYOL-DJNeReFv9aJAhGn_TRCzG88MKjVx5JJpLlCrEx0qhrdfDPoIRHeO5wx05lMVTF1CHby-WvrlyMGrz_eFeUTtnR3yLnRU0hbCBx9RYRTTS9v4iiOmpDYmJWPYD2epgU.HV7MgvG3miJEZyLwu5E8JTbiOyB860qua1KygiwJUis&dib_tag=se&keywords=laptop&qid=1727873301&sprefix=lapt%2Caps%2C651&sr=8-29
"HP Laptop 15,12th Gen Intel Core i3-1215U,15.6 inch(39.6 cm),FHD,Anti-Glare,8 GB DDR4,1 TB SSD,Windows 11,MSO,Dual Speakers,1.69 kg,Natural Silver,15s-fq5328TU","39,990",https://amazon.in/HP-i3-1215U-Anti-Glare-Speakers-15s-fq5328TU/dp/B0CYQ8DS2B/ref=sr_1_35?crid=1A01HI1R1B87&dib=eyJ2IjoiMSJ9.1xsZ21ZlJC_gZVceaWVRmAv4GElPpon36UE37o3Y3nXpxdCFo2kLoQGb9mCqb13po25az9PhzaMs-XoEdtwCvPHloH7m4rN1Mqbia1jTqYOL-DJNeReFv9aJAhGn_TRCzG88MKjVx5JJpLlCrEx0qhrdfDPoIRHeO5wx05lMVTF1CHby-WvrlyMGrz_eFeUTtnR3yLnRU0hbCBx9RYRTTS9v4iiOmpDYmJWPYD2epgU.HV7MgvG3miJEZyLwu5E8JTbiOyB860qua1KygiwJUis&dib_tag=se&keywords=laptop&qid=1727873301&sprefix=lapt%2Caps%2C651&sr=8-35
"HONOR MagicBook X16 (2024), 12th Gen Intel Core i5-12450H, 16-inch (40.64 cm) FHD IPS Anti-Glare Thin and Light Laptop (16GB/512GB PCIe SSD/Windows 11/ Full-Size Numeric Keyboard /1.68Kg), Gray","39,990",https://amazon.in/MagicBook-i5-12450H-Anti-Glare-Full-Size-Keyboard/dp/B0CRQB4HBP/ref=sr_1_51?crid=1A01HI1R1B87&dib=eyJ2IjoiMSJ9.rMz_5N9UqFiUt0jeVSNDBlbzA7PkE3FN4xbvvJWpgr1EI6Yb19RnS00v9Wvadah_-qSF_R9oAHpbJF5lmR3lkRQruUKOhnSWFf4me-OVP-sb3cvtADxkpZ7nBXHCpsgs22nAHaKdpWOZTsm95lIIoXMWvtcIHp--KLrZN5wMsssw2blLEm1La2VgZ6Aj7kETVkSzw3H6blDwldIEXxCLbl2vygpU9gYBnEBmx0NlkJg.N6d7xvcQNSYNQGv7jyjIob7Nke8sOGuY1Aqn5AAvLAk&dib_tag=se&keywords=laptop&qid=1727873312&sprefix=lapt%2Caps%2C651&sr=8-51
"HP Laptop 15, 13th Gen Intel Core i3-1315U, 15.6-inch (39.6 cm), FHD, 8GB DDR4, 512GB SSD, Thin & Light, Intel Iris Xᵉ Graphics, Dual Speakers (Win 11, MSO 2021, Silver, 1.59 kg), fd0006TU","39,490",https://amazon.in/HP-i3-1315U-15-6-inch-Graphics-Speakers/dp/B0C3RF3HT3/ref=sr_1_71?crid=1A01HI1R1B87&dib=eyJ2IjoiMSJ9.AkK1qaTtgdxqHRVQWZbCUT-AD3lsguOo8HYf8RhvOsCy8junxLNJlcBBhc1axgJKs39V-EN2R6C_Ncwnfaj5yxmmTdrz818QyYx4JSxhAi2Ipe6lTdZurYOavDvahFWg6tgAyGzaK_qJiLktdUDMe8rF5uDnDEN81FTVOvCXJovz7NWNNHAgfhll4b7airTSRnfzqHJhYLY_2SstATLvYBzE3x9uz-7tGwXsndtZPas.Q3nrUPCRhqcPOXhQDHBS2fDDO0tY-6jStKISTxEwD5w&dib_tag=se&keywords=laptop&qid=1727873357&sprefix=lapt%2Caps%2C651&sr=8-71
"Lenovo V15 AMD Ryzen 7 7730U 15.6"" (39.62cm) FHD 250 Nits Antiglare Thin and Light Laptop (16GB/512GB SSD/DOS/Iron Grey/1.65 Kg)","38,999",https://amazon.in/Lenovo-Ryzen-39-62cm-Antiglare-Laptop/dp/B0D39BVJ7Y/ref=sr_1_94?crid=1A01HI1R1B87&dib=eyJ2IjoiMSJ9.fywzcsf8FxPSr-J0ct-rSBuxYvD1GcbISCVsuQjLDMq0XhZnNBqWI3IjshqwbZ3rbCe0q65XpotXV-sMHX0gLb9SK3WcWs_KLrDXWo0XUmFlS2rbLj8ool6NFCmoXJpAXPq13ee7f0I44h1h7VL6HJES4uuHXLtuc62QiH5G3pJXJXySm1qq-cUtVirrvHVntv4BRD0PPeF8rq5QKwCwLHlaAbkY7-8nOUPU172BnMk.nWXKG6ONfcWm9RUwlj0cv0-Eck7fKoY9GbOKBs4v9d4&dib_tag=se&keywords=laptop&qid=1727873376&sprefix=lapt%2Caps%2C651&sr=8-94
"Acer Aspire Lite 12th Gen Intel Core i5-1235U Thin and Light Laptop (Windows 11 Home/16GB RAM/512GB SSD/Intel Iris Xe Graphics) AL15-52, 39.62cm (15.6"") Full HD Display, Metal Body, Steel Gray, 1.6 KG","38,990",https://amazon.in/sspa/click?ie=UTF8&spc=MTo4MzE1NTMzMTQ2NjQ3MzE5OjE3Mjc4NzMzMDE6c3BfYXRmX25leHQ6MzAwMjUwODMxNDk0MDMyOjowOjo&url=%2FAcer-i5-1235U-Windows-Graphics-AL15-52%2Fdp%2FB0CLTW4D7T%2Fref%3Dsr_1_18_sspa%3Fcrid%3D1A01HI1R1B87%26dib%3DeyJ2IjoiMSJ9.1xsZ21ZlJC_gZVceaWVRmAv4GElPpon36UE37o3Y3nXpxdCFo2kLoQGb9mCqb13po25az9PhzaMs-XoEdtwCvPHloH7m4rN1Mqbia1jTqYOL-DJNeReFv9aJAhGn_TRCzG88MKjVx5JJpLlCrEx0qhrdfDPoIRHeO5wx05lMVTF1CHby-WvrlyMGrz_eFeUTtnR3yLnRU0hbCBx9RYRTTS9v4iiOmpDYmJWPYD2epgU.HV7MgvG3miJEZyLwu5E8JTbiOyB860qua1KygiwJUis%26dib_tag%3Dse%26keywords%3Dlaptop%26qid%3D1727873301%26sprefix%3Dlapt%252Caps%252C651%26sr%3D8-18-spons%26sp_csd%3Dd2lkZ2V0TmFtZT1zcF9hdGZfbmV4dA%26psc%3D1
"Acer Aspire Lite 12th Gen Intel Core i5-1235U Thin and Light Laptop (Windows 11 Home/16GB RAM/512GB SSD/Intel Iris Xe Graphics) AL15-52, 39.62cm (15.6"") Full HD Display, Metal Body, Steel Gray, 1.6 KG","38,990",https://amazon.in/Acer-i5-1235U-Windows-Graphics-AL15-52/dp/B0CLTW4D7T/ref=sr_1_36?crid=1A01HI1R1B87&dib=eyJ2IjoiMSJ9.rMz_5N9UqFiUt0jeVSNDBlbzA7PkE3FN4xbvvJWpgr1EI6Yb19RnS00v9Wvadah_-qSF_R9oAHpbJF5lmR3lkRQruUKOhnSWFf4me-OVP-sb3cvtADxkpZ7nBXHCpsgs22nAHaKdpWOZTsm95lIIoXMWvtcIHp--KLrZN5wMsssw2blLEm1La2VgZ6Aj7kETVkSzw3H6blDwldIEXxCLbl2vygpU9gYBnEBmx0NlkJg.N6d7xvcQNSYNQGv7jyjIob7Nke8sOGuY1Aqn5AAvLAk&dib_tag=se&keywords=laptop&qid=1727873312&sprefix=lapt%2Caps%2C651&sr=8-36
"ASUS Vivobook 15, Intel Core i3-1315U 13th Gen, 15.6"" (39.62 cms) FHD, Thin and Light Laptop (8GB/512GB SSD/Win11/MS Office/Backlit Keyboard/Silver/1.7 kg), X1504VA-NJ320WS + 9K Card Offer","38,850",https://amazon.in/ASUS-Vivobook-i3-1315U-Integrated-X1504VA-NJ320WS/dp/B0CYTD8DVF/ref=sr_1_90?crid=1A01HI1R1B87&dib=eyJ2IjoiMSJ9.fywzcsf8FxPSr-J0ct-rSBuxYvD1GcbISCVsuQjLDMq0XhZnNBqWI3IjshqwbZ3rbCe0q65XpotXV-sMHX0gLb9SK3WcWs_KLrDXWo0XUmFlS2rbLj8ool6NFCmoXJpAXPq13ee7f0I44h1h7VL6HJES4uuHXLtuc62QiH5G3pJXJXySm1qq-cUtVirrvHVntv4BRD0PPeF8rq5QKwCwLHlaAbkY7-8nOUPU172BnMk.nWXKG6ONfcWm9RUwlj0cv0-Eck7fKoY9GbOKBs4v9d4&dib_tag=se&keywords=laptop&qid=1727873376&sprefix=lapt%2Caps%2C651&sr=8-90
"ZEBRONICS PRO Series Z NBC 5S, Intel Core 12th Gen i7 Processor 16GB RAM & 512GB SSD Laptop, 15.6 Inch (39.6CM), IPS 180° Display, Dolby Atmos, 38.5Wh Large Battery, Windows 11, Midnight Blue,1.76 Kg","37,990",https://amazon.in/sspa/click?ie=UTF8&spc=MTo3MTU5NTY1MDQ0ODY1NDQ2OjE3Mjc4NzMzNTc6c3BfYXRmX25leHQ6MzAwMTY3MDM0NzUyMjMyOjowOjo&url=%2FZEBRONICS-Processor-15-6-Inch-Display-Midnight%2Fdp%2FB0CJ72RZTB%2Fref%3Dsr_1_66_sspa%3Fcrid%3D1A01HI1R1B87%26dib%3DeyJ2IjoiMSJ9.AkK1qaTtgdxqHRVQWZbCUT-AD3lsguOo8HYf8RhvOsCy8junxLNJlcBBhc1axgJKs39V-EN2R6C_Ncwnfaj5yxmmTdrz818QyYx4JSxhAi2Ipe6lTdZurYOavDvahFWg6tgAyGzaK_qJiLktdUDMe8rF5uDnDEN81FTVOvCXJovz7NWNNHAgfhll4b7airTSRnfzqHJhYLY_2SstATLvYBzE3x9uz-7tGwXsndtZPas.Q3nrUPCRhqcPOXhQDHBS2fDDO0tY-6jStKISTxEwD5w%26dib_tag%3Dse%26keywords%3Dlaptop%26qid%3D1727873357%26sprefix%3Dlapt%252Caps%252C651%26sr%3D8-66-spons%26sp_csd%3Dd2lkZ2V0TmFtZT1zcF9hdGZfbmV4dA%26psc%3D1
"ASUS Vivobook Go 15 (2023), AMD Ryzen 5 7520U, 15.6"" (39.62 cm) FHD, Thin and Light Laptop (16GB/512GB SSD/Integrated Graphics/Windows 11/Office 2021/Silver/1.8 Kg), E1504FA-NJ541WS","37,990",https://amazon.in/ASUS-Vivobook-Integrated-Graphics-E1504FA-NJ541WS/dp/B0BQSH511C/ref=sr_1_67?crid=1A01HI1R1B87&dib=eyJ2IjoiMSJ9.AkK1qaTtgdxqHRVQWZbCUT-AD3lsguOo8HYf8RhvOsCy8junxLNJlcBBhc1axgJKs39V-EN2R6C_Ncwnfaj5yxmmTdrz818QyYx4JSxhAi2Ipe6lTdZurYOavDvahFWg6tgAyGzaK_qJiLktdUDMe8rF5uDnDEN81FTVOvCXJovz7NWNNHAgfhll4b7airTSRnfzqHJhYLY_2SstATLvYBzE3x9uz-7tGwXsndtZPas.Q3nrUPCRhqcPOXhQDHBS2fDDO0tY-6jStKISTxEwD5w&dib_tag=se&keywords=laptop&qid=1727873357&sprefix=lapt%2Caps%2C651&sr=8-67
N/A,"36,990",https://amazon.in/sspa/click?ie=UTF8&spc=MTo3MjMyMjE0MzQxNjcwMDk4OjE3Mjc4NzMyOTA6c3Bfc2VhcmNoX3RoZW1hdGljOjMwMDI1MDgzMTQ5MzQzMjo6Mzo6&url=%2FHP-i3-1215U-15-6-inch-Graphics-Speakers%2Fdp%2FB0BP2M7CCS%2Fref%3Dsxin_23_pa_sp_search_thematic_sspa%3Fcontent-id%3Damzn1.sym.cd33fa60-47cd-49f3-80b8-24b1f0cbef97%253Aamzn1.sym.cd33fa60-47cd-49f3-80b8-24b1f0cbef97%26crid%3D1A01HI1R1B87%26cv_ct_cx%3Dlaptop%26dib%3DeyJ2IjoiMSJ9.HYDwFMdGHohC0Q9UL6h8o9TVZ8eof-kbl5Ky1vtr5nbRRSzdmssqD3dX8AQHb8zJsJCbQ4Fv3sTRUKclou7h8A.z37kZfWeRf8XjuFczkakAAxhRsvDcTzxyTQJV41RnSU%26dib_tag%3Dse%26keywords%3Dlaptop%26pd_rd_i%3DB0BP2M7CCS%26pd_rd_r%3D907f1819-30d6-48cc-aab1-79da8370bc1b%26pd_rd_w%3DcWDXV%26pd_rd_wg%3DLP6an%26pf_rd_p%3Dcd33fa60-47cd-49f3-80b8-24b1f0cbef97%26pf_rd_r%3D6HNSYRG3KYCS69ZVE6KB%26qid%3D1727873290%26sbo%3DRZvfv%252F%252FHxDF%252BO5021pAnSA%253D%253D%26sprefix%3Dlapt%252Caps%252C651%26sr%3D1-4-ced4eeeb-b190-41d6-902a-1ecb3fb8b7c4-spons%26sp_csd%3Dd2lkZ2V0TmFtZT1zcF9zZWFyY2hfdGhlbWF0aWM%26psc%3D1
"HP Laptop 15s, 12th Gen Intel Core i3, 15.6-inch (39.6 cm), 8GB DDR4, 512GB SSD, Thin & Light, Dual Speakers (Win 11, MSO 2021, Silver, 1.69 kg), fq5007TU / FQ5327TU","36,990",https://amazon.in/HP-i3-1215U-15-6-inch-Graphics-Speakers/dp/B0BP2M7CCS/ref=sr_1_3?crid=1A01HI1R1B87&dib=eyJ2IjoiMSJ9.g7mVjr2rVl2bNNSpSXofrqCNKEUBy-r_a-CIRfagAU1Nq5E47fj2gQ7-x7iTS_x3d-Tl2ZvGf1dq3isXjLpaV4wfDHbF9iwp__knv-HVy9iieDLRvDBaY20PDrWedxp3AciH_qNaYjZ9lB8P-dHXYNlB__W1zKl0AP8bPwH7nAVlNLcO7U-kR7Nhex_0MTO3GSJ-IrZjNNkjQdxOLK47vmdRunpnhYcx__tXSz4gm4E.bmCpGnaSzoQsPf6w0ZiA5O1oGjCu2OhKV9ReGhIF5zU&dib_tag=se&keywords=laptop&qid=1727873290&sprefix=lapt%2Caps%2C651&sr=8-3
"Dell Inspiron 3530 Thin & Light Laptop, 13th Gen Intel Core i3-1305U/8GB/512GB SSD/15.6"" (39.62cm) 120Hz Refresh Rate on a FHD IPS Display/Windows 11 + MSO'21+McAfee 15 Month/Carbon Black/1.62kg","36,990",https://amazon.in/Dell-Inspiron-3530-i3-1305U-Comfortview/dp/B0C4ZM63RP/ref=sr_1_23?crid=1A01HI1R1B87&dib=eyJ2IjoiMSJ9.1xsZ21ZlJC_gZVceaWVRmAv4GElPpon36UE37o3Y3nXpxdCFo2kLoQGb9mCqb13po25az9PhzaMs-XoEdtwCvPHloH7m4rN1Mqbia1jTqYOL-DJNeReFv9aJAhGn_TRCzG88MKjVx5JJpLlCrEx0qhrdfDPoIRHeO5wx05lMVTF1CHby-WvrlyMGrz_eFeUTtnR3yLnRU0hbCBx9RYRTTS9v4iiOmpDYmJWPYD2epgU.HV7MgvG3miJEZyLwu5E8JTbiOyB860qua1KygiwJUis&dib_tag=se&keywords=laptop&qid=1727873301&sprefix=lapt%2Caps%2C651&sr=8-23
"Lenovo IdeaPad Slim 1 AMD Ryzen 5 5500U 15.6"" HD Thin and Light Laptop (16GB/512GB SSD/Integrated AMD Graphics/Windows 11 Home/MSO 21/1Yr ADP Free/Cloud Grey/1.61Kg), 82R400ERIN","36,990",https://amazon.in/Lenovo-IdeaPad-Laptop-Windows-82R400ERIN/dp/B0CP2KRYLM/ref=sr_1_35?crid=1A01HI1R1B87&dib=eyJ2IjoiMSJ9.rMz_5N9UqFiUt0jeVSNDBlbzA7PkE3FN4xbvvJWpgr1EI6Yb19RnS00v9Wvadah_-qSF_R9oAHpbJF5lmR3lkRQruUKOhnSWFf4me-OVP-sb3cvtADxkpZ7nBXHCpsgs22nAHaKdpWOZTsm95lIIoXMWvtcIHp--KLrZN5wMsssw2blLEm1La2VgZ6Aj7kETVkSzw3H6blDwldIEXxCLbl2vygpU9gYBnEBmx0NlkJg.N6d7xvcQNSYNQGv7jyjIob7Nke8sOGuY1Aqn5AAvLAk&dib_tag=se&keywords=laptop&qid=1727873312&sprefix=lapt%2Caps%2C651&sr=8-35
N/A,"36,990",https://amazon.in/sspa/click?ie=UTF8&spc=MTozNTI0NTE2NzkwNDUzNDUzOjE3Mjc4NzMzMTI6c3Bfc2VhcmNoX3RoZW1hdGljOjMwMDExOTgwOTMxNDYzMjo6MTo6&url=%2FLenovo-IdeaPad-Laptop-Windows-82R400ERIN%2Fdp%2FB0CP2KRYLM%2Fref%3Dsxin_15_pa_sp_search_thematic_sspa%3Fcontent-id%3Damzn1.sym.59126330-c308-4c36-a5a0-21cac002681f%253Aamzn1.sym.59126330-c308-4c36-a5a0-21cac002681f%26crid%3D1A01HI1R1B87%26cv_ct_cx%3Dlaptop%26dib%3DeyJ2IjoiMSJ9.cGNgc_2KiuVy9_ESQrdEs7aL3b7pklj5CYgPx7J9P06cV7S751D2KhYGn5Q5I8ryh5NlDp8SPKruBZeAWMWPvA.8ZRhnZCo7vVcauMMwGbuvtDutVimFN-hUHQ_gdE-Xmo%26dib_tag%3Dse%26keywords%3Dlaptop%26pd_rd_i%3DB0CP2KRYLM%26pd_rd_r%3Dc3abf6fa-d3c4-4d26-a2e7-76092be56435%26pd_rd_w%3D5rMDK%26pd_rd_wg%3DTcg0G%26pf_rd_p%3D59126330-c308-4c36-a5a0-21cac002681f%26pf_rd_r%3DW0HBQNAX6C6829K733XQ%26qid%3D1727873312%26sbo%3DRZvfv%252F%252FHxDF%252BO5021pAnSA%253D%253D%26sprefix%3Dlapt%252Caps%252C651%26sr%3D1-34-2ec22325-1003-449d-8aaf-c0bcc24717ae-spons%26sp_csd%3Dd2lkZ2V0TmFtZT1zcF9zZWFyY2hfdGhlbWF0aWM%26psc%3D1
"Lenovo IdeaPad 1 AMD Ryzen 5 7520U 15.6"" HD Thin and Light Laptop (8 GB/512GB SDD/Windows 11 Home/1Yr Warranty/Cloud Grey/1.58Kg), 82VG00ESIN","35,990",https://amazon.in/sspa/click?ie=UTF8&spc=MToyMzIxNTQ5NzA3MTk1NDE6MTcyNzg3MzMxMjpzcF9tdGY6MzAwMzIzNDI2NTIwMjMyOjowOjo&url=%2FLenovo-IdeaPad-Windows-Warranty-82VG00ESIN%2Fdp%2FB0CJVGKM7D%2Fref%3Dsr_1_44_sspa%3Fcrid%3D1A01HI1R1B87%26dib%3DeyJ2IjoiMSJ9.rMz_5N9UqFiUt0jeVSNDBlbzA7PkE3FN4xbvvJWpgr1EI6Yb19RnS00v9Wvadah_-qSF_R9oAHpbJF5lmR3lkRQruUKOhnSWFf4me-OVP-sb3cvtADxkpZ7nBXHCpsgs22nAHaKdpWOZTsm95lIIoXMWvtcIHp--KLrZN5wMsssw2blLEm1La2VgZ6Aj7kETVkSzw3H6blDwldIEXxCLbl2vygpU9gYBnEBmx0NlkJg.N6d7xvcQNSYNQGv7jyjIob7Nke8sOGuY1Aqn5AAvLAk%26dib_tag%3Dse%26keywords%3Dlaptop%26qid%3D1727873312%26sprefix%3Dlapt%252Caps%252C651%26sr%3D8-44-spons%26sp_csd%3Dd2lkZ2V0TmFtZT1zcF9tdGY%26psc%3D1
"Lenovo V14 G3 Laptop (Intel Core i5/ 12th Gen/ 8GB RAM/ 512GB SSD/DOS/ 14"" Inch), Arctic Grey, 1 Year Service Center Carry in Warranty","35,690",https://amazon.in/Lenovo-Laptop-Arctic-Service-Warranty/dp/B0DG9CKJ9P/ref=sr_1_42?crid=1A01HI1R1B87&dib=eyJ2IjoiMSJ9.rMz_5N9UqFiUt0jeVSNDBlbzA7PkE3FN4xbvvJWpgr1EI6Yb19RnS00v9Wvadah_-qSF_R9oAHpbJF5lmR3lkRQruUKOhnSWFf4me-OVP-sb3cvtADxkpZ7nBXHCpsgs22nAHaKdpWOZTsm95lIIoXMWvtcIHp--KLrZN5wMsssw2blLEm1La2VgZ6Aj7kETVkSzw3H6blDwldIEXxCLbl2vygpU9gYBnEBmx0NlkJg.N6d7xvcQNSYNQGv7jyjIob7Nke8sOGuY1Aqn5AAvLAk&dib_tag=se&keywords=laptop&qid=1727873312&sprefix=lapt%2Caps%2C651&sr=8-42
"HP Laptop 15, 12th Gen i3-1215U, 15.6-inch (39.6 cm), FHD, Anti-Glare, 8GB DDR4, 512GB SSD, Intel UHD Graphics, Dual Speakers, (Win 11, MSO 2021, Silver, 1.69 kg), 15s-fy5006TU","35,490",https://amazon.in/HP-i3-1215U-15-6-inch-Anti-Glare-15s-fy5006TU/dp/B0CJBL2QWY/ref=sr_1_81?crid=1A01HI1R1B87&dib=eyJ2IjoiMSJ9.AkK1qaTtgdxqHRVQWZbCUT-AD3lsguOo8HYf8RhvOsCy8junxLNJlcBBhc1axgJKs39V-EN2R6C_Ncwnfaj5yxmmTdrz818QyYx4JSxhAi2Ipe6lTdZurYOavDvahFWg6tgAyGzaK_qJiLktdUDMe8rF5uDnDEN81FTVOvCXJovz7NWNNHAgfhll4b7airTSRnfzqHJhYLY_2SstATLvYBzE3x9uz-7tGwXsndtZPas.Q3nrUPCRhqcPOXhQDHBS2fDDO0tY-6jStKISTxEwD5w&dib_tag=se&keywords=laptop&qid=1727873357&sprefix=lapt%2Caps%2C651&sr=8-81
"HP Laptop 15,12th Gen Intel Core i3-1215U,15.6 inch(39.6 cm),FHD,Anti-Glare,8 GB DDR4,512 GB SSD,Windows 11,MSO,Dual Speakers,1.69 kg,Natural Silver,15s-fq5326TU","35,490",https://amazon.in/HP-i3-1215U-Anti-Glare-Speakers-15s-fq5326TU/dp/B0CYQ257C1/ref=sr_1_84?crid=1A01HI1R1B87&dib=eyJ2IjoiMSJ9.fywzcsf8FxPSr-J0ct-rSBuxYvD1GcbISCVsuQjLDMq0XhZnNBqWI3IjshqwbZ3rbCe0q65XpotXV-sMHX0gLb9SK3WcWs_KLrDXWo0XUmFlS2rbLj8ool6NFCmoXJpAXPq13ee7f0I44h1h7VL6HJES4uuHXLtuc62QiH5G3pJXJXySm1qq-cUtVirrvHVntv4BRD0PPeF8rq5QKwCwLHlaAbkY7-8nOUPU172BnMk.nWXKG6ONfcWm9RUwlj0cv0-Eck7fKoY9GbOKBs4v9d4&dib_tag=se&keywords=laptop&qid=1727873376&sprefix=lapt%2Caps%2C651&sr=8-84
N/A,"35,490",https://amazon.in/sspa/click?ie=UTF8&spc=MToyMTk0MDQ4MDc1OTM5NDg0OjE3Mjc4NzMzMDI6c3Bfc2VhcmNoX3RoZW1hdGljOjMwMDEyMDU4NDkzMzQzMjo6Mjo6&url=%2FLenovo-IdeaPad-39-62cm-Windows-82R400BGIN%2Fdp%2FB09MM58Y7Q%2Fref%3Dsxin_15_pa_sp_search_thematic_sspa%3Fcontent-id%3Damzn1.sym.59126330-c308-4c36-a5a0-21cac002681f%253Aamzn1.sym.59126330-c308-4c36-a5a0-21cac002681f%26crid%3D1A01HI1R1B87%26cv_ct_cx%3Dlaptop%26dib%3DeyJ2IjoiMSJ9.Z5MeKD6bWkIMifZM3EMBFjwBPWjer4pN2n0YPy31rXYfJP3vXkx8iw1SwOEGZ-hYqvS01tqUeYNHJhAa4Ppl-A.QxS8_jH62O17pKAkPziKccgTGQ7QCefbD-ZgbduyImk%26dib_tag%3Dse%26keywords%3Dlaptop%26pd_rd_i%3DB09MM58Y7Q%26pd_rd_r%3Dc44f0b54-e41a-4781-b8b2-b0a953bc8e14%26pd_rd_w%3DjtBRv%26pd_rd_wg%3DoM1yZ%26pf_rd_p%3D59126330-c308-4c36-a5a0-21cac002681f%26pf_rd_r%3DGFCAJ9ZD81783S02AYKC%26qid%3D1727873301%26sbo%3DRZvfv%252F%252FHxDF%252BO5021pAnSA%253D%253D%26sprefix%3Dlapt%252Caps%252C651%26sr%3D1-19-2ec22325-1003-449d-8aaf-c0bcc24717ae-spons%26sp_csd%3Dd2lkZ2V0TmFtZT1zcF9zZWFyY2hfdGhlbWF0aWM%26psc%3D1
N/A,"34,990",https://amazon.in/sspa/click?ie=UTF8&spc=MTo3MjMyMjE0MzQxNjcwMDk4OjE3Mjc4NzMyOTA6c3Bfc2VhcmNoX3RoZW1hdGljOjMwMDM0MjQ3Nzc4ODczMjo6MDo6&url=%2FHP-Office-Windows-39-6cm-fy5011TU%2Fdp%2FB0D4LZMJ5Z%2Fref%3Dsxin_23_pa_sp_search_thematic_sspa%3Fcontent-id%3Damzn1.sym.cd33fa60-47cd-49f3-80b8-24b1f0cbef97%253Aamzn1.sym.cd33fa60-47cd-49f3-80b8-24b1f0cbef97%26crid%3D1A01HI1R1B87%26cv_ct_cx%3Dlaptop%26dib%3DeyJ2IjoiMSJ9.HYDwFMdGHohC0Q9UL6h8o9TVZ8eof-kbl5Ky1vtr5nbRRSzdmssqD3dX8AQHb8zJsJCbQ4Fv3sTRUKclou7h8A.z37kZfWeRf8XjuFczkakAAxhRsvDcTzxyTQJV41RnSU%26dib_tag%3Dse%26keywords%3Dlaptop%26pd_rd_i%3DB0D4LZMJ5Z%26pd_rd_r%3D907f1819-30d6-48cc-aab1-79da8370bc1b%26pd_rd_w%3DcWDXV%26pd_rd_wg%3DLP6an%26pf_rd_p%3Dcd33fa60-47cd-49f3-80b8-24b1f0cbef97%26pf_rd_r%3D6HNSYRG3KYCS69ZVE6KB%26qid%3D1727873290%26sbo%3DRZvfv%252F%252FHxDF%252BO5021pAnSA%253D%253D%26sprefix%3Dlapt%252Caps%252C651%26sr%3D1-1-ced4eeeb-b190-41d6-902a-1ecb3fb8b7c4-spons%26sp_csd%3Dd2lkZ2V0TmFtZT1zcF9zZWFyY2hfdGhlbWF0aWM%26psc%3D1
N/A,"34,990",https://amazon.in/sspa/click?ie=UTF8&spc=MToyMTk0MDQ4MDc1OTM5NDg0OjE3Mjc4NzMzMDI6c3Bfc2VhcmNoX3RoZW1hdGljOjMwMDM0MjQ3Nzc4NzkzMjo6MDo6&url=%2FLenovo-IdeaPad-i3-1215U-Backlit-82RJ00FKIN%2Fdp%2FB0DB1WCBBS%2Fref%3Dsxin_15_pa_sp_search_thematic_sspa%3Fcontent-id%3Damzn1.sym.59126330-c308-4c36-a5a0-21cac002681f%253Aamzn1.sym.59126330-c308-4c36-a5a0-21cac002681f%26crid%3D1A01HI1R1B87%26cv_ct_cx%3Dlaptop%26dib%3DeyJ2IjoiMSJ9.Z5MeKD6bWkIMifZM3EMBFjwBPWjer4pN2n0YPy31rXYfJP3vXkx8iw1SwOEGZ-hYqvS01tqUeYNHJhAa4Ppl-A.QxS8_jH62O17pKAkPziKccgTGQ7QCefbD-ZgbduyImk%26dib_tag%3Dse%26keywords%3Dlaptop%26pd_rd_i%3DB0DB1WCBBS%26pd_rd_r%3Dc44f0b54-e41a-4781-b8b2-b0a953bc8e14%26pd_rd_w%3DjtBRv%26pd_rd_wg%3DoM1yZ%26pf_rd_p%3D59126330-c308-4c36-a5a0-21cac002681f%26pf_rd_r%3DGFCAJ9ZD81783S02AYKC%26qid%3D1727873301%26sbo%3DRZvfv%252F%252FHxDF%252BO5021pAnSA%253D%253D%26sprefix%3Dlapt%252Caps%252C651%26sr%3D1-17-2ec22325-1003-449d-8aaf-c0bcc24717ae-spons%26sp_csd%3Dd2lkZ2V0TmFtZT1zcF9zZWFyY2hfdGhlbWF0aWM%26psc%3D1
"HP 15s Ryzen 5 (8GB RAM/512GB SSD/FHD/Windows 11/ MS Office/Backlit Keyboard/15.6""(39.6cm)/Silver/1.69 kg) eq2144AU Laptop","34,990",https://amazon.in/HP-15-6-inch-graphics-speakers-eq2144AU/dp/B09RZRF1PJ/ref=sr_1_24?crid=1A01HI1R1B87&dib=eyJ2IjoiMSJ9.1xsZ21ZlJC_gZVceaWVRmAv4GElPpon36UE37o3Y3nXpxdCFo2kLoQGb9mCqb13po25az9PhzaMs-XoEdtwCvPHloH7m4rN1Mqbia1jTqYOL-DJNeReFv9aJAhGn_TRCzG88MKjVx5JJpLlCrEx0qhrdfDPoIRHeO5wx05lMVTF1CHby-WvrlyMGrz_eFeUTtnR3yLnRU0hbCBx9RYRTTS9v4iiOmpDYmJWPYD2epgU.HV7MgvG3miJEZyLwu5E8JTbiOyB860qua1KygiwJUis&dib_tag=se&keywords=laptop&qid=1727873301&sprefix=lapt%2Caps%2C651&sr=8-24
"Lenovo IdeaPad Slim 3 Intel Core i3 12th Gen 15.6"" (39.62cm) FHD Thin & Light Laptop (8GB/512GB SSD/Intel UHD Graphics/Windows 11/MSO 21/1Yr ADP Free/3months Game Pass/Arctic Grey/1.63Kg), 82RK00VTIN","34,990",https://amazon.in/sspa/click?ie=UTF8&spc=MTo4MzE1NTMzMTQ2NjQ3MzE5OjE3Mjc4NzMzMDE6c3BfbXRmOjMwMDI1MDgzMTQ5MzMzMjo6MDo6&url=%2FLenovo-IdeaPad-39-62cm-Warranty-82RK006DIN%2Fdp%2FB0B4JPC8GT%2Fref%3Dsr_1_27_sspa%3Fcrid%3D1A01HI1R1B87%26dib%3DeyJ2IjoiMSJ9.1xsZ21ZlJC_gZVceaWVRmAv4GElPpon36UE37o3Y3nXpxdCFo2kLoQGb9mCqb13po25az9PhzaMs-XoEdtwCvPHloH7m4rN1Mqbia1jTqYOL-DJNeReFv9aJAhGn_TRCzG88MKjVx5JJpLlCrEx0qhrdfDPoIRHeO5wx05lMVTF1CHby-WvrlyMGrz_eFeUTtnR3yLnRU0hbCBx9RYRTTS9v4iiOmpDYmJWPYD2epgU.HV7MgvG3miJEZyLwu5E8JTbiOyB860qua1KygiwJUis%26dib_tag%3Dse%26keywords%3Dlaptop%26qid%3D1727873301%26sprefix%3Dlapt%252Caps%252C651%26sr%3D8-27-spons%26sp_csd%3Dd2lkZ2V0TmFtZT1zcF9tdGY%26psc%3D1
"HP 15s Core i3 12th Gen (8GB RAM/512GB SSD/FHD/MS Office 21/Windows 11/15.6"" (39.6cm)/Silver/1.69 kg) fy5011TU Laptop","34,990",https://amazon.in/HP-Office-Windows-39-6cm-fy5011TU/dp/B0D4LZMJ5Z/ref=sr_1_7?crid=1A01HI1R1B87&dib=eyJ2IjoiMSJ9.g7mVjr2rVl2bNNSpSXofrqCNKEUBy-r_a-CIRfagAU1Nq5E47fj2gQ7-x7iTS_x3d-Tl2ZvGf1dq3isXjLpaV4wfDHbF9iwp__knv-HVy9iieDLRvDBaY20PDrWedxp3AciH_qNaYjZ9lB8P-dHXYNlB__W1zKl0AP8bPwH7nAVlNLcO7U-kR7Nhex_0MTO3GSJ-IrZjNNkjQdxOLK47vmdRunpnhYcx__tXSz4gm4E.bmCpGnaSzoQsPf6w0ZiA5O1oGjCu2OhKV9ReGhIF5zU&dib_tag=se&keywords=laptop&qid=1727873290&sprefix=lapt%2Caps%2C651&sr=8-7
"HP Laptop 14s, 12th Gen Intel Core i3-1215U, 14-inch (35.6 cm), FHD, 8GB DDR4, 512GB SSD, Intel UHD graphics, Thin & light, Dual speakers (Win 11, MSO 2021, Silver, 1.46 kg), dy5008TU","34,990",https://amazon.in/HP-i3-1215U-Graphics-Speakers-dy5008TU/dp/B0BZS88YPT/ref=sr_1_41?crid=1A01HI1R1B87&dib=eyJ2IjoiMSJ9.rMz_5N9UqFiUt0jeVSNDBlbzA7PkE3FN4xbvvJWpgr1EI6Yb19RnS00v9Wvadah_-qSF_R9oAHpbJF5lmR3lkRQruUKOhnSWFf4me-OVP-sb3cvtADxkpZ7nBXHCpsgs22nAHaKdpWOZTsm95lIIoXMWvtcIHp--KLrZN5wMsssw2blLEm1La2VgZ6Aj7kETVkSzw3H6blDwldIEXxCLbl2vygpU9gYBnEBmx0NlkJg.N6d7xvcQNSYNQGv7jyjIob7Nke8sOGuY1Aqn5AAvLAk&dib_tag=se&keywords=laptop&qid=1727873312&sprefix=lapt%2Caps%2C651&sr=8-41
"HP Laptop 14s, 12th Gen Intel Core i3-1215U, 14-inch (35.6 cm), FHD, 8GB DDR4, 512GB SSD, Intel UHD graphics, Thin & light, Dual speakers (Win 11, MSO 2021, Silver, 1.46 kg), dy5008TU","34,990",https://amazon.in/sspa/click?ie=UTF8&spc=MToyMzIxNTQ5NzA3MTk1NDE6MTcyNzg3MzMxMjpzcF9idGY6MzAwMjUwODMxNDkzNjMyOjowOjo&url=%2FHP-i3-1215U-Graphics-Speakers-dy5008TU%2Fdp%2FB0BZS88YPT%2Fref%3Dsr_1_53_sspa%3Fcrid%3D1A01HI1R1B87%26dib%3DeyJ2IjoiMSJ9.rMz_5N9UqFiUt0jeVSNDBlbzA7PkE3FN4xbvvJWpgr1EI6Yb19RnS00v9Wvadah_-qSF_R9oAHpbJF5lmR3lkRQruUKOhnSWFf4me-OVP-sb3cvtADxkpZ7nBXHCpsgs22nAHaKdpWOZTsm95lIIoXMWvtcIHp--KLrZN5wMsssw2blLEm1La2VgZ6Aj7kETVkSzw3H6blDwldIEXxCLbl2vygpU9gYBnEBmx0NlkJg.N6d7xvcQNSYNQGv7jyjIob7Nke8sOGuY1Aqn5AAvLAk%26dib_tag%3Dse%26keywords%3Dlaptop%26qid%3D1727873312%26sprefix%3Dlapt%252Caps%252C651%26sr%3D8-53-spons%26sp_csd%3Dd2lkZ2V0TmFtZT1zcF9idGY%26psc%3D1
"Dell Inspiron 3520 Laptop, Intel 12th Generation i3-1215U Processor, 8GB DDR4, 512GB SSD, 15.6"" FHD 120Hz Display, Win 11 + MSO'21 & 15 Month McAfee, Black Color, Thin & Light- 1.65kg","34,980",https://amazon.in/Dell-Inspiron-Generation-i3-1215U-Processor/dp/B0CWLKKR58/ref=sr_1_100?crid=1A01HI1R1B87&dib=eyJ2IjoiMSJ9.fywzcsf8FxPSr-J0ct-rSBuxYvD1GcbISCVsuQjLDMq0XhZnNBqWI3IjshqwbZ3rbCe0q65XpotXV-sMHX0gLb9SK3WcWs_KLrDXWo0XUmFlS2rbLj8ool6NFCmoXJpAXPq13ee7f0I44h1h7VL6HJES4uuHXLtuc62QiH5G3pJXJXySm1qq-cUtVirrvHVntv4BRD0PPeF8rq5QKwCwLHlaAbkY7-8nOUPU172BnMk.nWXKG6ONfcWm9RUwlj0cv0-Eck7fKoY9GbOKBs4v9d4&dib_tag=se&keywords=laptop&qid=1727873376&sprefix=lapt%2Caps%2C651&sr=8-100
"Dell [Smartchoice] Core i3-1215U, 12th Gen (8GB RAM/512GB SSD/FHD/Window 11/MS Office' 21/15""(38 cm)/15 Month McAfee/Black/1.48kg Laptop","33,990",https://amazon.in/sspa/click?ie=UTF8&spc=MTozMjMwMjgwODM2NDAyNzIzOjE3Mjc4NzMyOTA6c3BfYXRmOjIwMTUzOTIxNTU0MTk4OjowOjo&url=%2FDell-Smartchoice-i3-1215U-Processor-Spill-Resistant%2Fdp%2FB0BQJ68HHC%2Fref%3Dsr_1_1_sspa%3Fcrid%3D1A01HI1R1B87%26dib%3DeyJ2IjoiMSJ9.g7mVjr2rVl2bNNSpSXofrqCNKEUBy-r_a-CIRfagAU1Nq5E47fj2gQ7-x7iTS_x3d-Tl2ZvGf1dq3isXjLpaV4wfDHbF9iwp__knv-HVy9iieDLRvDBaY20PDrWedxp3AciH_qNaYjZ9lB8P-dHXYNlB__W1zKl0AP8bPwH7nAVlNLcO7U-kR7Nhex_0MTO3GSJ-IrZjNNkjQdxOLK47vmdRunpnhYcx__tXSz4gm4E.bmCpGnaSzoQsPf6w0ZiA5O1oGjCu2OhKV9ReGhIF5zU%26dib_tag%3Dse%26keywords%3Dlaptop%26qid%3D1727873290%26sprefix%3Dlapt%252Caps%252C651%26sr%3D8-1-spons%26sp_csd%3Dd2lkZ2V0TmFtZT1zcF9hdGY%26psc%3D1
N/A,"33,990",https://amazon.in/sspa/click?ie=UTF8&spc=MTo3MjMyMjE0MzQxNjcwMDk4OjE3Mjc4NzMyOTA6c3Bfc2VhcmNoX3RoZW1hdGljOjMwMDM0MjQ3Nzc4ODEzMjo6MTo6&url=%2FLenovo-IdeaPad-i3-1215U-3months-82RJ00FUIN%2Fdp%2FB0DFH99H7X%2Fref%3Dsxin_23_pa_sp_search_thematic_sspa%3Fcontent-id%3Damzn1.sym.cd33fa60-47cd-49f3-80b8-24b1f0cbef97%253Aamzn1.sym.cd33fa60-47cd-49f3-80b8-24b1f0cbef97%26crid%3D1A01HI1R1B87%26cv_ct_cx%3Dlaptop%26dib%3DeyJ2IjoiMSJ9.HYDwFMdGHohC0Q9UL6h8o9TVZ8eof-kbl5Ky1vtr5nbRRSzdmssqD3dX8AQHb8zJsJCbQ4Fv3sTRUKclou7h8A.z37kZfWeRf8XjuFczkakAAxhRsvDcTzxyTQJV41RnSU%26dib_tag%3Dse%26keywords%3Dlaptop%26pd_rd_i%3DB0DFH99H7X%26pd_rd_r%3D907f1819-30d6-48cc-aab1-79da8370bc1b%26pd_rd_w%3DcWDXV%26pd_rd_wg%3DLP6an%26pf_rd_p%3Dcd33fa60-47cd-49f3-80b8-24b1f0cbef97%26pf_rd_r%3D6HNSYRG3KYCS69ZVE6KB%26qid%3D1727873290%26sbo%3DRZvfv%252F%252FHxDF%252BO5021pAnSA%253D%253D%26sprefix%3Dlapt%252Caps%252C651%26sr%3D1-2-ced4eeeb-b190-41d6-902a-1ecb3fb8b7c4-spons%26sp_csd%3Dd2lkZ2V0TmFtZT1zcF9zZWFyY2hfdGhlbWF0aWM%26psc%3D1
"Dell [Smartchoice] Core i3-1215U, 12th Gen (8GB RAM/512GB SSD/FHD/Window 11/MS Office' 21/15""(38 cm)/15 Month McAfee/Black/1.48kg Laptop","33,990",https://amazon.in/Dell-Smartchoice-i3-1215U-Processor-Spill-Resistant/dp/B0BQJ68HHC/ref=sr_1_8?crid=1A01HI1R1B87&dib=eyJ2IjoiMSJ9.g7mVjr2rVl2bNNSpSXofrqCNKEUBy-r_a-CIRfagAU1Nq5E47fj2gQ7-x7iTS_x3d-Tl2ZvGf1dq3isXjLpaV4wfDHbF9iwp__knv-HVy9iieDLRvDBaY20PDrWedxp3AciH_qNaYjZ9lB8P-dHXYNlB__W1zKl0AP8bPwH7nAVlNLcO7U-kR7Nhex_0MTO3GSJ-IrZjNNkjQdxOLK47vmdRunpnhYcx__tXSz4gm4E.bmCpGnaSzoQsPf6w0ZiA5O1oGjCu2OhKV9ReGhIF5zU&dib_tag=se&keywords=laptop&qid=1727873290&sprefix=lapt%2Caps%2C651&sr=8-8
"Acer Aspire Lite AMD Ryzen 5-5625U Premium Thin and Light Laptop (16 GB RAM/512 GB SSD/Windows 11 Home) AL15-41, 39.62 cm (15.6"") Full HD Display, Metal Body, Steel Gray, 1.59 KG","32,990",https://amazon.in/Acer-5-5625U-Premium-Windows-AL15-41/dp/B0DG2GCTD7/ref=sr_1_36?crid=1A01HI1R1B87&dib=eyJ2IjoiMSJ9.1xsZ21ZlJC_gZVceaWVRmAv4GElPpon36UE37o3Y3nXpxdCFo2kLoQGb9mCqb13po25az9PhzaMs-XoEdtwCvPHloH7m4rN1Mqbia1jTqYOL-DJNeReFv9aJAhGn_TRCzG88MKjVx5JJpLlCrEx0qhrdfDPoIRHeO5wx05lMVTF1CHby-WvrlyMGrz_eFeUTtnR3yLnRU0hbCBx9RYRTTS9v4iiOmpDYmJWPYD2epgU.HV7MgvG3miJEZyLwu5E8JTbiOyB860qua1KygiwJUis&dib_tag=se&keywords=laptop&qid=1727873301&sprefix=lapt%2Caps%2C651&sr=8-36
"Acer Aspire Lite AMD Ryzen 5 5500U Premium Thin and Light Laptop (16 GB RAM/512 GB SSD/Windows 11 Home) AL15-41, 39.62 cm (15.6"") Full HD Display, Metal Body, Steel Gray, 1.59 KG","32,990",https://amazon.in/Acer-Premium-Windows-AL15-41-Display/dp/B0CB7S1RTX/ref=sr_1_46?crid=1A01HI1R1B87&dib=eyJ2IjoiMSJ9.rMz_5N9UqFiUt0jeVSNDBlbzA7PkE3FN4xbvvJWpgr1EI6Yb19RnS00v9Wvadah_-qSF_R9oAHpbJF5lmR3lkRQruUKOhnSWFf4me-OVP-sb3cvtADxkpZ7nBXHCpsgs22nAHaKdpWOZTsm95lIIoXMWvtcIHp--KLrZN5wMsssw2blLEm1La2VgZ6Aj7kETVkSzw3H6blDwldIEXxCLbl2vygpU9gYBnEBmx0NlkJg.N6d7xvcQNSYNQGv7jyjIob7Nke8sOGuY1Aqn5AAvLAk&dib_tag=se&keywords=laptop&qid=1727873312&sprefix=lapt%2Caps%2C651&sr=8-46
"ASUS Vivobook 16, IntelCore i3-1215U 12th Gen, Thin and Light Laptop, 16-inch (40.64 cm) FHD+, (8 GB RAM/512GB SSD/Windows 11/Fingerprint/Black/1.88kg), X1605ZAB-MB322WS","31,990",https://amazon.in/sspa/click?ie=UTF8&spc=MTo3MTU5NTY1MDQ0ODY1NDQ2OjE3Mjc4NzMzNTc6c3BfYnRmOjMwMDE2NzAzNDc1MjUzMjo6MDo6&url=%2FASUS-Vivobook-Intel%25C2%25AECoreTM-FingerPrint-X1605ZAB-MB322WS%2Fdp%2FB0CFVYSZFG%2Fref%3Dsr_1_86_sspa%3Fcrid%3D1A01HI1R1B87%26dib%3DeyJ2IjoiMSJ9.AkK1qaTtgdxqHRVQWZbCUT-AD3lsguOo8HYf8RhvOsCy8junxLNJlcBBhc1axgJKs39V-EN2R6C_Ncwnfaj5yxmmTdrz818QyYx4JSxhAi2Ipe6lTdZurYOavDvahFWg6tgAyGzaK_qJiLktdUDMe8rF5uDnDEN81FTVOvCXJovz7NWNNHAgfhll4b7airTSRnfzqHJhYLY_2SstATLvYBzE3x9uz-7tGwXsndtZPas.Q3nrUPCRhqcPOXhQDHBS2fDDO0tY-6jStKISTxEwD5w%26dib_tag%3Dse%26keywords%3Dlaptop%26qid%3D1727873357%26sprefix%3Dlapt%252Caps%252C651%26sr%3D8-86-spons%26sp_csd%3Dd2lkZ2V0TmFtZT1zcF9idGY%26psc%3D1
"ASUS Vivobook 16, IntelCore i3-1215U 12th Gen, Thin and Light Laptop, 16-inch (40.64 cm) FHD+, (8 GB RAM/512GB SSD/Windows 11/Fingerprint/Black/1.88kg), X1605ZAB-MB322WS","31,990",https://amazon.in/ASUS-Vivobook-Intel%C2%AECoreTM-FingerPrint-X1605ZAB-MB322WS/dp/B0CFVYSZFG/ref=sr_1_18?crid=1A01HI1R1B87&dib=eyJ2IjoiMSJ9.g7mVjr2rVl2bNNSpSXofrqCNKEUBy-r_a-CIRfagAU1Nq5E47fj2gQ7-x7iTS_x3d-Tl2ZvGf1dq3isXjLpaV4wfDHbF9iwp__knv-HVy9iieDLRvDBaY20PDrWedxp3AciH_qNaYjZ9lB8P-dHXYNlB__W1zKl0AP8bPwH7nAVlNLcO7U-kR7Nhex_0MTO3GSJ-IrZjNNkjQdxOLK47vmdRunpnhYcx__tXSz4gm4E.bmCpGnaSzoQsPf6w0ZiA5O1oGjCu2OhKV9ReGhIF5zU&dib_tag=se&keywords=laptop&qid=1727873290&sprefix=lapt%2Caps%2C651&sr=8-18
"HP Laptop 15s, AMD Ryzen 3 5300U, 15.6-inch (39.6 cm), FHD, 8GB DDR4, 512GB SSD, AMD Radeon graphics, Thin & light, Dual speakers (Win 11, MSO 2021, Silver, 1.69 kg), eq2212AU","31,990",https://amazon.in/HP-Anti-Glare-Graphics-15s-eq2212AU/dp/B0BQN2HV46/ref=sr_1_68?crid=1A01HI1R1B87&dib=eyJ2IjoiMSJ9.AkK1qaTtgdxqHRVQWZbCUT-AD3lsguOo8HYf8RhvOsCy8junxLNJlcBBhc1axgJKs39V-EN2R6C_Ncwnfaj5yxmmTdrz818QyYx4JSxhAi2Ipe6lTdZurYOavDvahFWg6tgAyGzaK_qJiLktdUDMe8rF5uDnDEN81FTVOvCXJovz7NWNNHAgfhll4b7airTSRnfzqHJhYLY_2SstATLvYBzE3x9uz-7tGwXsndtZPas.Q3nrUPCRhqcPOXhQDHBS2fDDO0tY-6jStKISTxEwD5w&dib_tag=se&keywords=laptop&qid=1727873357&sprefix=lapt%2Caps%2C651&sr=8-68
"ASUS Vivobook 14 Thin and Light Laptop, IntelCore i3-1215U 12th Gen, 14"" (35.56 cm) FHD, (8 GB RAM/512GB SSD/Win11/Office 2021/Fingerprint/42WHr /Blue/1.40 kg), X1404ZA-NK321WS","30,990",https://amazon.in/sspa/click?ie=UTF8&spc=MTozMjMwMjgwODM2NDAyNzIzOjE3Mjc4NzMyOTA6c3BfbXRmOjMwMDM0MjQ3Nzc4NzczMjo6MDo6&url=%2FASUS-Vivobook-IntelCore-Fingerprint-X1404ZA-NK321WS%2Fdp%2FB0CCP9PH92%2Fref%3Dsr_1_12_sspa%3Fcrid%3D1A01HI1R1B87%26dib%3DeyJ2IjoiMSJ9.g7mVjr2rVl2bNNSpSXofrqCNKEUBy-r_a-CIRfagAU1Nq5E47fj2gQ7-x7iTS_x3d-Tl2ZvGf1dq3isXjLpaV4wfDHbF9iwp__knv-HVy9iieDLRvDBaY20PDrWedxp3AciH_qNaYjZ9lB8P-dHXYNlB__W1zKl0AP8bPwH7nAVlNLcO7U-kR7Nhex_0MTO3GSJ-IrZjNNkjQdxOLK47vmdRunpnhYcx__tXSz4gm4E.bmCpGnaSzoQsPf6w0ZiA5O1oGjCu2OhKV9ReGhIF5zU%26dib_tag%3Dse%26keywords%3Dlaptop%26qid%3D1727873290%26sprefix%3Dlapt%252Caps%252C651%26sr%3D8-12-spons%26sp_csd%3Dd2lkZ2V0TmFtZT1zcF9tdGY%26psc%3D1
N/A,"30,990",https://amazon.in/sspa/click?ie=UTF8&spc=MTozNTI0NTE2NzkwNDUzNDUzOjE3Mjc4NzMzMTI6c3Bfc2VhcmNoX3RoZW1hdGljOjMwMDE2NzA4NjM1NzczMjo6MDo6&url=%2FAcer-i3-1215U-Windows-Graphics-AL15-52%2Fdp%2FB0CY1Z82QW%2Fref%3Dsxin_15_pa_sp_search_thematic_sspa%3Fcontent-id%3Damzn1.sym.59126330-c308-4c36-a5a0-21cac002681f%253Aamzn1.sym.59126330-c308-4c36-a5a0-21cac002681f%26crid%3D1A01HI1R1B87%26cv_ct_cx%3Dlaptop%26dib%3DeyJ2IjoiMSJ9.cGNgc_2KiuVy9_ESQrdEs7aL3b7pklj5CYgPx7J9P06cV7S751D2KhYGn5Q5I8ryh5NlDp8SPKruBZeAWMWPvA.8ZRhnZCo7vVcauMMwGbuvtDutVimFN-hUHQ_gdE-Xmo%26dib_tag%3Dse%26keywords%3Dlaptop%26pd_rd_i%3DB0CY1Z82QW%26pd_rd_r%3Dc3abf6fa-d3c4-4d26-a2e7-76092be56435%26pd_rd_w%3D5rMDK%26pd_rd_wg%3DTcg0G%26pf_rd_p%3D59126330-c308-4c36-a5a0-21cac002681f%26pf_rd_r%3DW0HBQNAX6C6829K733XQ%26qid%3D1727873312%26sbo%3DRZvfv%252F%252FHxDF%252BO5021pAnSA%253D%253D%26sprefix%3Dlapt%252Caps%252C651%26sr%3D1-33-2ec22325-1003-449d-8aaf-c0bcc24717ae-spons%26sp_csd%3Dd2lkZ2V0TmFtZT1zcF9zZWFyY2hfdGhlbWF0aWM%26psc%3D1
"ASUS Vivobook 14 Thin and Light Laptop, IntelCore i3-1215U 12th Gen, 14"" (35.56 cm) FHD, (8 GB RAM/512GB SSD/Win11/Office 2021/Fingerprint/42WHr /Blue/1.40 kg), X1404ZA-NK321WS","30,990",https://amazon.in/ASUS-Vivobook-IntelCore-Fingerprint-X1404ZA-NK321WS/dp/B0CCP9PH92/ref=sr_1_9?crid=1A01HI1R1B87&dib=eyJ2IjoiMSJ9.g7mVjr2rVl2bNNSpSXofrqCNKEUBy-r_a-CIRfagAU1Nq5E47fj2gQ7-x7iTS_x3d-Tl2ZvGf1dq3isXjLpaV4wfDHbF9iwp__knv-HVy9iieDLRvDBaY20PDrWedxp3AciH_qNaYjZ9lB8P-dHXYNlB__W1zKl0AP8bPwH7nAVlNLcO7U-kR7Nhex_0MTO3GSJ-IrZjNNkjQdxOLK47vmdRunpnhYcx__tXSz4gm4E.bmCpGnaSzoQsPf6w0ZiA5O1oGjCu2OhKV9ReGhIF5zU&dib_tag=se&keywords=laptop&qid=1727873290&sprefix=lapt%2Caps%2C651&sr=8-9
N/A,"29,990",https://amazon.in/sspa/click?ie=UTF8&spc=MTo3MjMyMjE0MzQxNjcwMDk4OjE3Mjc4NzMyOTA6c3Bfc2VhcmNoX3RoZW1hdGljOjMwMDI4MDMwNjU3NDQzMjo6Mjo6&url=%2FAcer-i3-1305U-Premium-Windows-AL15-53%2Fdp%2FB0DB1SDB87%2Fref%3Dsxin_23_pa_sp_search_thematic_sspa%3Fcontent-id%3Damzn1.sym.cd33fa60-47cd-49f3-80b8-24b1f0cbef97%253Aamzn1.sym.cd33fa60-47cd-49f3-80b8-24b1f0cbef97%26crid%3D1A01HI1R1B87%26cv_ct_cx%3Dlaptop%26dib%3DeyJ2IjoiMSJ9.HYDwFMdGHohC0Q9UL6h8o9TVZ8eof-kbl5Ky1vtr5nbRRSzdmssqD3dX8AQHb8zJsJCbQ4Fv3sTRUKclou7h8A.z37kZfWeRf8XjuFczkakAAxhRsvDcTzxyTQJV41RnSU%26dib_tag%3Dse%26keywords%3Dlaptop%26pd_rd_i%3DB0DB1SDB87%26pd_rd_r%3D907f1819-30d6-48cc-aab1-79da8370bc1b%26pd_rd_w%3DcWDXV%26pd_rd_wg%3DLP6an%26pf_rd_p%3Dcd33fa60-47cd-49f3-80b8-24b1f0cbef97%26pf_rd_r%3D6HNSYRG3KYCS69ZVE6KB%26qid%3D1727873290%26sbo%3DRZvfv%252F%252FHxDF%252BO5021pAnSA%253D%253D%26sprefix%3Dlapt%252Caps%252C651%26sr%3D1-3-ced4eeeb-b190-41d6-902a-1ecb3fb8b7c4-spons%26sp_csd%3Dd2lkZ2V0TmFtZT1zcF9zZWFyY2hfdGhlbWF0aWM%26psc%3D1
"Acer Aspire Lite 13th Gen Intel Core i3-1305U Thin and Light Premium Laptop (Windows 11 Home/8 GB RAM/512GB SSD/36 WHR) AL15-53 with 39.62cm (15.6"") Full HD Display, Metal Body, Steel Gray, 1.59 KG","29,990",https://amazon.in/Acer-i3-1305U-Premium-Windows-AL15-53/dp/B0DB1SDB87/ref=sr_1_4?crid=1A01HI1R1B87&dib=eyJ2IjoiMSJ9.g7mVjr2rVl2bNNSpSXofrqCNKEUBy-r_a-CIRfagAU1Nq5E47fj2gQ7-x7iTS_x3d-Tl2ZvGf1dq3isXjLpaV4wfDHbF9iwp__knv-HVy9iieDLRvDBaY20PDrWedxp3AciH_qNaYjZ9lB8P-dHXYNlB__W1zKl0AP8bPwH7nAVlNLcO7U-kR7Nhex_0MTO3GSJ-IrZjNNkjQdxOLK47vmdRunpnhYcx__tXSz4gm4E.bmCpGnaSzoQsPf6w0ZiA5O1oGjCu2OhKV9ReGhIF5zU&dib_tag=se&keywords=laptop&qid=1727873290&sprefix=lapt%2Caps%2C651&sr=8-4
"Dell Inspiron 3535, AMD Ryzen 3 7320U, (8GB RAM/512GB SSD/FHD/Window 11/MS Office' 21/15.6""(39.62 cm)/15 Month McAfee/Carbon Black/1.69kg Laptop","28,990",https://amazon.in/sspa/click?ie=UTF8&spc=MTozMjMwMjgwODM2NDAyNzIzOjE3Mjc4NzMyOTA6c3BfYXRmOjMwMDM0NzgyMDMxMzUzMjo6MDo6&url=%2FDell-Inspiron-Window-Office-McAfee%2Fdp%2FB0DG5CY2Y2%2Fref%3Dsr_1_2_sspa%3Fcrid%3D1A01HI1R1B87%26dib%3DeyJ2IjoiMSJ9.g7mVjr2rVl2bNNSpSXofrqCNKEUBy-r_a-CIRfagAU1Nq5E47fj2gQ7-x7iTS_x3d-Tl2ZvGf1dq3isXjLpaV4wfDHbF9iwp__knv-HVy9iieDLRvDBaY20PDrWedxp3AciH_qNaYjZ9lB8P-dHXYNlB__W1zKl0AP8bPwH7nAVlNLcO7U-kR7Nhex_0MTO3GSJ-IrZjNNkjQdxOLK47vmdRunpnhYcx__tXSz4gm4E.bmCpGnaSzoQsPf6w0ZiA5O1oGjCu2OhKV9ReGhIF5zU%26dib_tag%3Dse%26keywords%3Dlaptop%26qid%3D1727873290%26sprefix%3Dlapt%252Caps%252C651%26sr%3D8-2-spons%26sp_csd%3Dd2lkZ2V0TmFtZT1zcF9hdGY%26psc%3D1
"Dell Inspiron 3535, AMD Ryzen 3 7320U, (8GB RAM/512GB SSD/FHD/Window 11/MS Office' 21/15.6""(39.62 cm)/15 Month McAfee/Carbon Black/1.69kg Laptop","28,990",https://amazon.in/Dell-Inspiron-Window-Office-McAfee/dp/B0DG5CY2Y2/ref=sr_1_32?crid=1A01HI1R1B87&dib=eyJ2IjoiMSJ9.1xsZ21ZlJC_gZVceaWVRmAv4GElPpon36UE37o3Y3nXpxdCFo2kLoQGb9mCqb13po25az9PhzaMs-XoEdtwCvPHloH7m4rN1Mqbia1jTqYOL-DJNeReFv9aJAhGn_TRCzG88MKjVx5JJpLlCrEx0qhrdfDPoIRHeO5wx05lMVTF1CHby-WvrlyMGrz_eFeUTtnR3yLnRU0hbCBx9RYRTTS9v4iiOmpDYmJWPYD2epgU.HV7MgvG3miJEZyLwu5E8JTbiOyB860qua1KygiwJUis&dib_tag=se&keywords=laptop&qid=1727873301&sprefix=lapt%2Caps%2C651&sr=8-32
"Acer Aspire Lite 12th Gen Intel Core i3-1215U Premium Metal Laptop (Windows 11 Home/8 GB RAM/512GB SSD) AL15-52, 39.62cm (15.6"") Full HD Display, Metal Body, Steel Gray, 1.59 Kg","28,990",https://amazon.in/Acer-i3-1215U-Premium-Windows-AL15-52/dp/B0CKLN7PSZ/ref=sr_1_37?crid=1A01HI1R1B87&dib=eyJ2IjoiMSJ9.rMz_5N9UqFiUt0jeVSNDBlbzA7PkE3FN4xbvvJWpgr1EI6Yb19RnS00v9Wvadah_-qSF_R9oAHpbJF5lmR3lkRQruUKOhnSWFf4me-OVP-sb3cvtADxkpZ7nBXHCpsgs22nAHaKdpWOZTsm95lIIoXMWvtcIHp--KLrZN5wMsssw2blLEm1La2VgZ6Aj7kETVkSzw3H6blDwldIEXxCLbl2vygpU9gYBnEBmx0NlkJg.N6d7xvcQNSYNQGv7jyjIob7Nke8sOGuY1Aqn5AAvLAk&dib_tag=se&keywords=laptop&qid=1727873312&sprefix=lapt%2Caps%2C651&sr=8-37
"Acer [Smartchoice] Aspire Lite AMD Ryzen 3 5300U Premium Thin and Light Laptop (Windows 11 Home/8 GB RAM/512 GB SSD) AL15-41 with 39.62 cm (15.6"") Full HD Display, Metal Body, Steel Gray, 1.6 KG","26,990",https://amazon.in/Acer-Smartchoice-Premium-Windows-AL15-41/dp/B0CWTSF1TK/ref=sr_1_22?crid=1A01HI1R1B87&dib=eyJ2IjoiMSJ9.1xsZ21ZlJC_gZVceaWVRmAv4GElPpon36UE37o3Y3nXpxdCFo2kLoQGb9mCqb13po25az9PhzaMs-XoEdtwCvPHloH7m4rN1Mqbia1jTqYOL-DJNeReFv9aJAhGn_TRCzG88MKjVx5JJpLlCrEx0qhrdfDPoIRHeO5wx05lMVTF1CHby-WvrlyMGrz_eFeUTtnR3yLnRU0hbCBx9RYRTTS9v4iiOmpDYmJWPYD2epgU.HV7MgvG3miJEZyLwu5E8JTbiOyB860qua1KygiwJUis&dib_tag=se&keywords=laptop&qid=1727873301&sprefix=lapt%2Caps%2C651&sr=8-22
(Refurbished) Dell Latitude 5410 10th Gen Intel Core i5 Thin & Light HD Laptop (16 GB DDR4 RAM/512 GB SSD/14 (35.6 cm) HD/Windows 11 Pro/MS Office/WiFi/BT/Intel UHD Graphics),"26,899",https://amazon.in/Refurbished-Dell-Latitude-Windows-Graphics/dp/B0DH4HNFDJ/ref=sr_1_98?crid=1A01HI1R1B87&dib=eyJ2IjoiMSJ9.fywzcsf8FxPSr-J0ct-rSBuxYvD1GcbISCVsuQjLDMq0XhZnNBqWI3IjshqwbZ3rbCe0q65XpotXV-sMHX0gLb9SK3WcWs_KLrDXWo0XUmFlS2rbLj8ool6NFCmoXJpAXPq13ee7f0I44h1h7VL6HJES4uuHXLtuc62QiH5G3pJXJXySm1qq-cUtVirrvHVntv4BRD0PPeF8rq5QKwCwLHlaAbkY7-8nOUPU172BnMk.nWXKG6ONfcWm9RUwlj0cv0-Eck7fKoY9GbOKBs4v9d4&dib_tag=se&keywords=laptop&qid=1727873376&sprefix=lapt%2Caps%2C651&sr=8-98
"Lenovo IdeaPad 1 AMD Athlon Silver 7120U 15.6"" HD Thin and Light Laptop (8GB/512GB SDD/Windows 11 Home/1Year Warranty/MS Office/Cloud Grey/1.58Kg), 82VG00EQIN","25,990",https://amazon.in/Lenovo-IdeaPad-Windows-Warranty-82VG00EQIN/dp/B0CN18M8CM/ref=sr_1_77?crid=1A01HI1R1B87&dib=eyJ2IjoiMSJ9.AkK1qaTtgdxqHRVQWZbCUT-AD3lsguOo8HYf8RhvOsCy8junxLNJlcBBhc1axgJKs39V-EN2R6C_Ncwnfaj5yxmmTdrz818QyYx4JSxhAi2Ipe6lTdZurYOavDvahFWg6tgAyGzaK_qJiLktdUDMe8rF5uDnDEN81FTVOvCXJovz7NWNNHAgfhll4b7airTSRnfzqHJhYLY_2SstATLvYBzE3x9uz-7tGwXsndtZPas.Q3nrUPCRhqcPOXhQDHBS2fDDO0tY-6jStKISTxEwD5w&dib_tag=se&keywords=laptop&qid=1727873357&sprefix=lapt%2Caps%2C651&sr=8-77
"Chuwi CoreBook X i5 14"" Laptop, 16GB RAM 512GB SSD, Windows 11, Intel Core i5-1035G1, WiFi 6, USB3.2, Backlit Keyboard, Webcam, Bluetooth 5.2, HDMI Port, 46.2 Wh, 1.4kg (Gray)","24,990",https://amazon.in/sspa/click?ie=UTF8&spc=MTo1NTQ5ODAzMjQyNDY2MDc6MTcyNzg3MzM3NjpzcF9tdGY6MzAwMTMyNDc4Nzg3NDMyOjowOjo&url=%2FChuwi-CoreBook-i5-1035G1-Keyboard-Bluetooth%2Fdp%2FB0CNT6LD6W%2Fref%3Dsr_1_91_sspa%3Fcrid%3D1A01HI1R1B87%26dib%3DeyJ2IjoiMSJ9.fywzcsf8FxPSr-J0ct-rSBuxYvD1GcbISCVsuQjLDMq0XhZnNBqWI3IjshqwbZ3rbCe0q65XpotXV-sMHX0gLb9SK3WcWs_KLrDXWo0XUmFlS2rbLj8ool6NFCmoXJpAXPq13ee7f0I44h1h7VL6HJES4uuHXLtuc62QiH5G3pJXJXySm1qq-cUtVirrvHVntv4BRD0PPeF8rq5QKwCwLHlaAbkY7-8nOUPU172BnMk.nWXKG6ONfcWm9RUwlj0cv0-Eck7fKoY9GbOKBs4v9d4%26dib_tag%3Dse%26keywords%3Dlaptop%26qid%3D1727873376%26sprefix%3Dlapt%252Caps%252C651%26sr%3D8-91-spons%26sp_csd%3Dd2lkZ2V0TmFtZT1zcF9tdGY%26psc%3D1
"ASUS Vivobook 15, 15.6-inch (39.62 cm) FHD, Intel Pentium Gold 7505, Thin and Light Laptop, (8GB RAM/512GB SSD/Intergrated Graphics/Win11/Silver/1.8 Kg), X1500EA-EJ122WS","24,990",https://amazon.in/ASUS-Vivobook-15-6-inch-Intergrated-X1500EA-EJ122WS/dp/B0CZ3K42DX/ref=sr_1_19?crid=1A01HI1R1B87&dib=eyJ2IjoiMSJ9.1xsZ21ZlJC_gZVceaWVRmAv4GElPpon36UE37o3Y3nXpxdCFo2kLoQGb9mCqb13po25az9PhzaMs-XoEdtwCvPHloH7m4rN1Mqbia1jTqYOL-DJNeReFv9aJAhGn_TRCzG88MKjVx5JJpLlCrEx0qhrdfDPoIRHeO5wx05lMVTF1CHby-WvrlyMGrz_eFeUTtnR3yLnRU0hbCBx9RYRTTS9v4iiOmpDYmJWPYD2epgU.HV7MgvG3miJEZyLwu5E8JTbiOyB860qua1KygiwJUis&dib_tag=se&keywords=laptop&qid=1727873301&sprefix=lapt%2Caps%2C651&sr=8-19
"ASUS Vivobook 15, 15.6-inch (39.62 cm) FHD, Intel Pentium Gold 7505, Thin and Light Laptop, (8GB RAM/256GB SSD/Intergrated Graphics/Windows 11 Home/Indie Black/1.8 Kg), X1500EA-EJ111WS","22,990",https://amazon.in/ASUS-Vivobook-15-6-inch-Intergrated-X1500EA-EJ111WS/dp/B0CRZ5JH8X/ref=sr_1_88?crid=1A01HI1R1B87&dib=eyJ2IjoiMSJ9.fywzcsf8FxPSr-J0ct-rSBuxYvD1GcbISCVsuQjLDMq0XhZnNBqWI3IjshqwbZ3rbCe0q65XpotXV-sMHX0gLb9SK3WcWs_KLrDXWo0XUmFlS2rbLj8ool6NFCmoXJpAXPq13ee7f0I44h1h7VL6HJES4uuHXLtuc62QiH5G3pJXJXySm1qq-cUtVirrvHVntv4BRD0PPeF8rq5QKwCwLHlaAbkY7-8nOUPU172BnMk.nWXKG6ONfcWm9RUwlj0cv0-Eck7fKoY9GbOKBs4v9d4&dib_tag=se&keywords=laptop&qid=1727873376&sprefix=lapt%2Caps%2C651&sr=8-88
"Lenovo V15 G2 15.6"" FHD Anti-Glare Business Laptop, Intel Celeron N4500, 8GB RAM, 256 SSD, Intel UHD Graphics, HD Camera, HD Audio, Wi-Fi, Bluetooth, Windows 11, Black,","22,990",https://amazon.in/Lenovo-V15-G2-Anti-Glare-Bluetooth/dp/B0CVTJSWV1/ref=sr_1_15?crid=1A01HI1R1B87&dib=eyJ2IjoiMSJ9.g7mVjr2rVl2bNNSpSXofrqCNKEUBy-r_a-CIRfagAU1Nq5E47fj2gQ7-x7iTS_x3d-Tl2ZvGf1dq3isXjLpaV4wfDHbF9iwp__knv-HVy9iieDLRvDBaY20PDrWedxp3AciH_qNaYjZ9lB8P-dHXYNlB__W1zKl0AP8bPwH7nAVlNLcO7U-kR7Nhex_0MTO3GSJ-IrZjNNkjQdxOLK47vmdRunpnhYcx__tXSz4gm4E.bmCpGnaSzoQsPf6w0ZiA5O1oGjCu2OhKV9ReGhIF5zU&dib_tag=se&keywords=laptop&qid=1727873290&sprefix=lapt%2Caps%2C651&sr=8-15
"HP [Windows 11 Home] 255 G8 Notebook, 15.6'' HD Display, AMD Athlon 3020e Processor, 8GB Memory, 256GB SSD, Wi-Fi, Bluetooth, Type-C Port, RJ-45 Port, Black","22,490",https://amazon.in/HP-255-G8-Processor-Bluetooth/dp/B0B6LCJ3FD/ref=sr_1_95?crid=1A01HI1R1B87&dib=eyJ2IjoiMSJ9.fywzcsf8FxPSr-J0ct-rSBuxYvD1GcbISCVsuQjLDMq0XhZnNBqWI3IjshqwbZ3rbCe0q65XpotXV-sMHX0gLb9SK3WcWs_KLrDXWo0XUmFlS2rbLj8ool6NFCmoXJpAXPq13ee7f0I44h1h7VL6HJES4uuHXLtuc62QiH5G3pJXJXySm1qq-cUtVirrvHVntv4BRD0PPeF8rq5QKwCwLHlaAbkY7-8nOUPU172BnMk.nWXKG6ONfcWm9RUwlj0cv0-Eck7fKoY9GbOKBs4v9d4&dib_tag=se&keywords=laptop&qid=1727873376&sprefix=lapt%2Caps%2C651&sr=8-95
"HP Laptop 255 G9 (2024), AMD Athlon Silver 3050U - (4GB/256GB SSD/AMD Radeon Graphics/Windows 11 Pro) Thin and Light Business Laptop/15.6"" (39.62cm)/Black/1.47 kg/MS Office 2021 Pro Plus","21,990",https://amazon.in/HP-Laptop-255-G9-Athlon/dp/B0DH8825W6/ref=sr_1_82?crid=1A01HI1R1B87&dib=eyJ2IjoiMSJ9.AkK1qaTtgdxqHRVQWZbCUT-AD3lsguOo8HYf8RhvOsCy8junxLNJlcBBhc1axgJKs39V-EN2R6C_Ncwnfaj5yxmmTdrz818QyYx4JSxhAi2Ipe6lTdZurYOavDvahFWg6tgAyGzaK_qJiLktdUDMe8rF5uDnDEN81FTVOvCXJovz7NWNNHAgfhll4b7airTSRnfzqHJhYLY_2SstATLvYBzE3x9uz-7tGwXsndtZPas.Q3nrUPCRhqcPOXhQDHBS2fDDO0tY-6jStKISTxEwD5w&dib_tag=se&keywords=laptop&qid=1727873357&sprefix=lapt%2Caps%2C651&sr=8-82
"Acer Aspire 3 Laptop Intel Core Celeron N4500 Processor Laptop (8 GB LPDDR4X SDRAM/512 GB SSD/Win11 Home/38 WHR/HD Webcam) A325-45 with 39.63 cm (15.6"") HD Display, Pure Silver, 1.5 KG","20,990",https://amazon.in/Acer-Celeron-Processor-LPDDR4X-A325-45/dp/B0D7PYTTGH/ref=sr_1_6?crid=1A01HI1R1B87&dib=eyJ2IjoiMSJ9.g7mVjr2rVl2bNNSpSXofrqCNKEUBy-r_a-CIRfagAU1Nq5E47fj2gQ7-x7iTS_x3d-Tl2ZvGf1dq3isXjLpaV4wfDHbF9iwp__knv-HVy9iieDLRvDBaY20PDrWedxp3AciH_qNaYjZ9lB8P-dHXYNlB__W1zKl0AP8bPwH7nAVlNLcO7U-kR7Nhex_0MTO3GSJ-IrZjNNkjQdxOLK47vmdRunpnhYcx__tXSz4gm4E.bmCpGnaSzoQsPf6w0ZiA5O1oGjCu2OhKV9ReGhIF5zU&dib_tag=se&keywords=laptop&qid=1727873290&sprefix=lapt%2Caps%2C651&sr=8-6
"(Renewed) DELL Latitude 5490 Core i5 7th Gen Laptop, 16 GB RAM, 512GB SSD, Intel HD Graphics, 14 inch (36.83 cms) HD Screen, Windows 11 (Upgraded), MS Office, Black, Slim","20,210",https://amazon.in/Renewed-Latitude-Graphics-Windows-Upgraded/dp/B0BLVV4J9X/ref=sr_1_84?crid=1A01HI1R1B87&dib=eyJ2IjoiMSJ9.AkK1qaTtgdxqHRVQWZbCUT-AD3lsguOo8HYf8RhvOsCy8junxLNJlcBBhc1axgJKs39V-EN2R6C_Ncwnfaj5yxmmTdrz818QyYx4JSxhAi2Ipe6lTdZurYOavDvahFWg6tgAyGzaK_qJiLktdUDMe8rF5uDnDEN81FTVOvCXJovz7NWNNHAgfhll4b7airTSRnfzqHJhYLY_2SstATLvYBzE3x9uz-7tGwXsndtZPas.Q3nrUPCRhqcPOXhQDHBS2fDDO0tY-6jStKISTxEwD5w&dib_tag=se&keywords=laptop&qid=1727873357&sprefix=lapt%2Caps%2C651&sr=8-84
"Acer Aspire 3 Laptop Intel Core Celeron N4500 Processor Laptop (8 GB LPDDR4X SDRAM/256 GB SSD/Win11 Home/38 WHR/HD Webcam) A325-45 with 39.63 cm (15.6"") HD Display, Pure Silver, 1.5 KG","19,990",https://amazon.in/Acer-Celeron-Processor-LPDDR4X-A325-45/dp/B0D7PTFFZH/ref=sr_1_19?crid=1A01HI1R1B87&dib=eyJ2IjoiMSJ9.g7mVjr2rVl2bNNSpSXofrqCNKEUBy-r_a-CIRfagAU1Nq5E47fj2gQ7-x7iTS_x3d-Tl2ZvGf1dq3isXjLpaV4wfDHbF9iwp__knv-HVy9iieDLRvDBaY20PDrWedxp3AciH_qNaYjZ9lB8P-dHXYNlB__W1zKl0AP8bPwH7nAVlNLcO7U-kR7Nhex_0MTO3GSJ-IrZjNNkjQdxOLK47vmdRunpnhYcx__tXSz4gm4E.bmCpGnaSzoQsPf6w0ZiA5O1oGjCu2OhKV9ReGhIF5zU&dib_tag=se&keywords=laptop&qid=1727873290&sprefix=lapt%2Caps%2C651&sr=8-19
"Acer Aspire 3 Laptop Intel Core Celeron N4500 Processor Laptop (8 GB LPDDR4X SDRAM/512 GB SSD/Win11 Home/38 Whr/HD Webcam) A324-45 with 35.56 cm (14"") HD Display, Pure Silver, 1.3 KG","19,990",https://amazon.in/Acer-Celeron-Processor-LPDDR4X-A324-45/dp/B0D7PSTHRD/ref=sr_1_10?crid=1A01HI1R1B87&dib=eyJ2IjoiMSJ9.g7mVjr2rVl2bNNSpSXofrqCNKEUBy-r_a-CIRfagAU1Nq5E47fj2gQ7-x7iTS_x3d-Tl2ZvGf1dq3isXjLpaV4wfDHbF9iwp__knv-HVy9iieDLRvDBaY20PDrWedxp3AciH_qNaYjZ9lB8P-dHXYNlB__W1zKl0AP8bPwH7nAVlNLcO7U-kR7Nhex_0MTO3GSJ-IrZjNNkjQdxOLK47vmdRunpnhYcx__tXSz4gm4E.bmCpGnaSzoQsPf6w0ZiA5O1oGjCu2OhKV9ReGhIF5zU&dib_tag=se&keywords=laptop&qid=1727873290&sprefix=lapt%2Caps%2C651&sr=8-10
"(Refurbished) Lenovo ThinkPad 6th Gen Intel Core i5 Thin & Light HD Laptop (16GB RAM / 512GB SSD /14"" (35.6 cm) HD/Windows 11/MS Office/WiFi/Webcam/Intel Graphics), Black","17,499",https://amazon.in/gp/bestsellers/amazon-renewed/95093750031/ref=sr_bs_15_95093750031_1
"Chuwi HeroBook Pro 14.1'' Intel Celeron N4020 Laptop with 8GB RAM, 256GB SSD, Windows 11, 1TB Expand, FHD IPS, Ultra Slim, USB3.0, Mini-HDMI, Webcam","15,990",https://amazon.in/Chuwi-HeroBook-Pro-Celeron-Mini-HDMI/dp/B0D9RXH8X5/ref=sr_1_21?crid=1A01HI1R1B87&dib=eyJ2IjoiMSJ9.1xsZ21ZlJC_gZVceaWVRmAv4GElPpon36UE37o3Y3nXpxdCFo2kLoQGb9mCqb13po25az9PhzaMs-XoEdtwCvPHloH7m4rN1Mqbia1jTqYOL-DJNeReFv9aJAhGn_TRCzG88MKjVx5JJpLlCrEx0qhrdfDPoIRHeO5wx05lMVTF1CHby-WvrlyMGrz_eFeUTtnR3yLnRU0hbCBx9RYRTTS9v4iiOmpDYmJWPYD2epgU.HV7MgvG3miJEZyLwu5E8JTbiOyB860qua1KygiwJUis&dib_tag=se&keywords=laptop&qid=1727873301&sprefix=lapt%2Caps%2C651&sr=8-21
(Refurbished) Lenovo ThinkPad E470 7th Gen Intel Core i3 Thin & Light HD Laptop (8 GB RAM/256 GB SSD/14 (35.6 cm) HD/Windows 11/WiFi/Bluetooth/Webcam/Intel HD Graphics),"13,999",https://amazon.in/Refurbished-Lenovo-ThinkPad-Bluetooth-Graphics/dp/B0DHWFF8CS/ref=sr_1_89?crid=1A01HI1R1B87&dib=eyJ2IjoiMSJ9.fywzcsf8FxPSr-J0ct-rSBuxYvD1GcbISCVsuQjLDMq0XhZnNBqWI3IjshqwbZ3rbCe0q65XpotXV-sMHX0gLb9SK3WcWs_KLrDXWo0XUmFlS2rbLj8ool6NFCmoXJpAXPq13ee7f0I44h1h7VL6HJES4uuHXLtuc62QiH5G3pJXJXySm1qq-cUtVirrvHVntv4BRD0PPeF8rq5QKwCwLHlaAbkY7-8nOUPU172BnMk.nWXKG6ONfcWm9RUwlj0cv0-Eck7fKoY9GbOKBs4v9d4&dib_tag=se&keywords=laptop&qid=1727873376&sprefix=lapt%2Caps%2C651&sr=8-89
"(Refurbished) Lenovo ThinkPad 5th Gen Intel Core i5 Thin & Light HD Laptop (8 GB RAM/256 GB SSD/14"" (35.6 cm) HD/Windows 10 Pro/MS Office/WiFi/Webcam/Intel Graphics), Black","13,349",https://amazon.in/Refurbished-Lenovo-ThinkPad-Windows-Graphics/dp/B0CR495DW5/ref=sr_1_17?crid=1A01HI1R1B87&dib=eyJ2IjoiMSJ9.g7mVjr2rVl2bNNSpSXofrqCNKEUBy-r_a-CIRfagAU1Nq5E47fj2gQ7-x7iTS_x3d-Tl2ZvGf1dq3isXjLpaV4wfDHbF9iwp__knv-HVy9iieDLRvDBaY20PDrWedxp3AciH_qNaYjZ9lB8P-dHXYNlB__W1zKl0AP8bPwH7nAVlNLcO7U-kR7Nhex_0MTO3GSJ-IrZjNNkjQdxOLK47vmdRunpnhYcx__tXSz4gm4E.bmCpGnaSzoQsPf6w0ZiA5O1oGjCu2OhKV9ReGhIF5zU&dib_tag=se&keywords=laptop&qid=1727873290&sprefix=lapt%2Caps%2C651&sr=8-17
"JioBook 11 with Lifetime Office | Android 4G Laptop Mediatek 8788 (JioOS) | Octa-core | 4GB RAM | 64 eMMC Storage | Thin and Light Laptop (11.6 inch, 990 Grams) | Dual Band WiFi + SIM | Blue","12,990",https://amazon.in/JioBook-Octa-Core-LPDDR4-JioOS-Expandable/dp/B0CKX9PY1H/ref=sr_1_99?crid=1A01HI1R1B87&dib=eyJ2IjoiMSJ9.fywzcsf8FxPSr-J0ct-rSBuxYvD1GcbISCVsuQjLDMq0XhZnNBqWI3IjshqwbZ3rbCe0q65XpotXV-sMHX0gLb9SK3WcWs_KLrDXWo0XUmFlS2rbLj8ool6NFCmoXJpAXPq13ee7f0I44h1h7VL6HJES4uuHXLtuc62QiH5G3pJXJXySm1qq-cUtVirrvHVntv4BRD0PPeF8rq5QKwCwLHlaAbkY7-8nOUPU172BnMk.nWXKG6ONfcWm9RUwlj0cv0-Eck7fKoY9GbOKBs4v9d4&dib_tag=se&keywords=laptop&qid=1727873376&sprefix=lapt%2Caps%2C651&sr=8-99
"Walker Thin & Light Laptop,
                                        (4GB Ram,128GB SSD) |14.1 inch FHD IPS Display |1920 *1080 Resolution | Gemini
                                        Lake N4020 | UHD Graphics 600| Mini-HDMI| Bluetooth| Webcam | Windows 11 Home |
                                        Cloud Silver","12,990",https://amazon.in/Walker-Display-Resolution-Graphics-Mini-HDMI/dp/B0CGVLLWT3/ref=sr_1_79?crid=1A01HI1R1B87&dib=eyJ2IjoiMSJ9.AkK1qaTtgdxqHRVQWZbCUT-AD3lsguOo8HYf8RhvOsCy8junxLNJlcBBhc1axgJKs39V-EN2R6C_Ncwnfaj5yxmmTdrz818QyYx4JSxhAi2Ipe6lTdZurYOavDvahFWg6tgAyGzaK_qJiLktdUDMe8rF5uDnDEN81FTVOvCXJovz7NWNNHAgfhll4b7airTSRnfzqHJhYLY_2SstATLvYBzE3x9uz-7tGwXsndtZPas.Q3nrUPCRhqcPOXhQDHBS2fDDO0tY-6jStKISTxEwD5w&dib_tag=se&keywords=laptop&qid=1727873357&sprefix=lapt%2Caps%2C651&sr=8-79
"FUTOPIA ULTIMUS Pro, N4020c with 3-in-1 Sleeve Thin & Light (4GB RAM/128GB eMMC, 14.1-inch (35.8 cm) HD Display, Win 11 Home, Matt Black, 1.20 Kg) NU14U3CNC43BN-MB","10,490",https://amazon.in/FUTOPIA-ULTIMUS-14-1-inch-Display-NU14U3CNC43BN-MB/dp/B0D98DS8ZR/ref=sr_1_72?crid=1A01HI1R1B87&dib=eyJ2IjoiMSJ9.AkK1qaTtgdxqHRVQWZbCUT-AD3lsguOo8HYf8RhvOsCy8junxLNJlcBBhc1axgJKs39V-EN2R6C_Ncwnfaj5yxmmTdrz818QyYx4JSxhAi2Ipe6lTdZurYOavDvahFWg6tgAyGzaK_qJiLktdUDMe8rF5uDnDEN81FTVOvCXJovz7NWNNHAgfhll4b7airTSRnfzqHJhYLY_2SstATLvYBzE3x9uz-7tGwXsndtZPas.Q3nrUPCRhqcPOXhQDHBS2fDDO0tY-6jStKISTxEwD5w&dib_tag=se&keywords=laptop&qid=1727873357&sprefix=lapt%2Caps%2C651&sr=8-72
